subject,month,speaker_category,timestamp,word,utterance_type,object_present,speaker_win,lena_win-2,lena_win-1,lena_win-0,lena_win+1,lena_win+2,win_match,timestamp_match
14,06,male_correct,28086300_28089560,socks,d,n,FAT,OLN,OLN,MAN,OLN,OLN,0,28086300_28089560
14,06,male_correct,28090760_28092500,shoes,i,n,FAT,OLN,OLN,MAN,CXN,OLN,0,28090760_28092500
14,06,male_correct,40762500_40763730,crinkle+monkey,n,y,FAT,NON,NON,MAN,OLN,NOF,0,40762500_40763730
14,06,male_incorrect,40759920_40760920,crinkle+monkey,n,y,FAT,NOF,NOF,OLN,NON,NON,0,40759920_40760920
14,06,male_incorrect,40975090_40976360,monkey,n,n,FAT,NOF,NOF,OLN,NOF,OLF,0,40975090_40976360
14,06,female_correct,39120_40170,diaper,q,n,MOT,TVF,TVF,FAF,SIL,SIL,0,39120_40170
14,06,female_correct,41320_42180,diaper,q,n,MOT,SIL,SIL,FAN,SIL,SIL,0,41320_42180
14,06,female_correct,127790_129130,fingers,d,y,MOT,FAF,FAF,NOF,FAN,SIL,-2,126790_127790
14,06,female_correct,129130_130130,fingers,i,y,MOT,FAF,NOF,FAN,SIL,FAF,0,129130_130130
14,06,female_correct,475200_476520,tabasco+sauce,q,y,MOT,SIL,SIL,FAN,NOF,TVF,0,475200_476520
14,06,female_correct,526790_528390,head,d,n,MOT,OLF,OLF,FAN,FAF,OLN,0,526790_528390
14,06,female_correct,582760_584690,saliva,d,n,MOT,NOF,OLN,FAN,SIL,NOF,0,582760_584690
14,06,female_correct,591730_592760,bib,q,n,MOT,FAN,FAN,FAN,FAN,FAN,0,591730_592760
14,06,female_correct,591730_592760,bib,q,n,MOT,FAN,FAN,FAN,FAN,NOF,0,591730_592760
14,06,female_correct,592760_594610,drawer,q,n,MOT,FAN,FAN,FAN,NOF,SIL,0,592760_594610
14,06,female_correct,635170_636230,baby,d,n,MOT,FAN,FAN,OLN,OLF,FAN,-2,634170_635170
14,06,female_correct,722910_724500,hands,d,n,MOT,NOF,NOF,FAN,SIL,CHN,0,722910_724500
14,06,female_correct,780940_782010,light,i,n,MOT,OLF,OLF,FAF,SIL,OLN,0,780940_782010
14,06,female_correct,785000_785800,switch,d,n,MOT,OLN,NON,NON,OLF,FAF,+2,787710_788890
14,06,female_correct,788890_790390,leg,q,n,MOT,FAF,FAF,NOF,SIL,CHF,-2,787710_788890
14,06,female_correct,824390_825400,ocean,d,n,MOT,NOF,FAF,MAF,NOF,SIL,-1,823390_824390
14,06,female_correct,1308450_1309460,seal,d,n,MOT,FAN,OLF,MAN,OLN,NOF,-2,1306550_1307550
14,06,female_correct,1329310_1330320,recorder,d,n,MOT,CXN,OLN,FAN,NOF,NOF,0,1329310_1330320
14,06,female_correct,1652320_1654170,head,q,y,MOT,CHN,CHN,FAN,CHN,CHN,0,1652320_1654170
14,06,female_correct,1706000_1707000,shower,d,n,MOT,OLN,OLN,MAF,FAN,OLF,+1,1707000_1708020
14,06,female_correct,1715630_1716940,toys,d,n,MOT,CXN,CXN,FAN,FAN,OLN,0,1715630_1716940
14,06,female_correct,1715630_1716940,toys,d,n,MOT,CXN,FAN,FAN,OLN,FAN,0,1715630_1716940
14,06,female_correct,1727750_1728380,calendar,q,y,MOT,FAN,FAN,FAN,FAN,FAN,0,1727750_1728380
14,06,female_correct,1727750_1728380,calendar,q,y,MOT,FAN,FAN,FAN,FAN,OLN,0,1727750_1728380
14,06,female_correct,1728380_1729380,calendar,d,y,MOT,FAN,FAN,FAN,OLN,FAN,0,1728380_1729380
14,06,female_correct,1732660_1733850,hands,d,y,MOT,FAN,OLF,FAN,CXF,FAN,0,1732660_1733850
14,06,female_correct,1748560_1750220,present,d,n,MOT,OLN,OLN,FAN,OLF,FAN,0,1748560_1750220
14,06,female_correct,1754010_1755610,water,i,n,MOT,OLN,OLN,FAN,OLN,FAN,0,1754010_1755610
14,06,female_correct,2971240_2972040,foot,d,n,MOT,OLF,OLF,CXN,OLN,FAN,+2,2972840_2974960
14,06,female_correct,3023380_3024380,brush,i,n,MOT,CXN,CXN,FAN,OLN,NOF,0,3023380_3024380
14,06,female_correct,3056530_3057950,carpet,i,n,MOT,OLF,OLF,FAN,FAN,NOF,0,3056530_3057950
14,06,female_correct,3056530_3057950,carpet,i,n,MOT,OLF,FAN,FAN,NOF,FAN,0,3056530_3057950
14,06,female_correct,3096400_3097620,light,i,n,MOT,OLF,OLF,FAN,OLN,FAN,0,3096400_3097620
14,06,female_correct,3157120_3158290,foot,i,y,MOT,NON,NON,FAN,FAN,OLF,0,3157120_3158290
14,06,female_correct,3157120_3158290,foot,i,y,MOT,NON,FAN,FAN,OLF,FAN,0,3157120_3158290
14,06,female_correct,3158290_3159650,sink,i,y,MOT,FAN,FAN,OLF,FAN,FAN,-2,3157120_3158290
14,06,female_correct,3159650_3160670,foot,d,y,MOT,FAN,OLF,FAN,FAN,OLN,0,3159650_3160670
14,06,female_correct,3159650_3160670,foot,d,y,MOT,OLF,FAN,FAN,OLN,NON,0,3159650_3160670
14,06,female_correct,3160670_3167810,eye+boogie,d,y,MOT,FAN,FAN,OLN,NON,OLN,-2,3159650_3160670
14,06,female_correct,3170170_3171740,eye+boogies,d,y,MOT,OLN,OLN,FAN,NON,OLN,0,3170170_3171740
14,06,female_correct,3175700_3176700,water,d,y,MOT,OLN,OLN,FAN,OLF,NON,0,3175700_3176700
14,06,female_correct,3178370_3179620,tea,d,n,MOT,OLF,NON,FAN,NOF,OLN,0,3178370_3179620
14,06,female_correct,3188990_3190440,water,n,n,MOT,NOF,NOF,FAN,FAN,OLN,0,3188990_3190440
14,06,female_correct,3188990_3190440,water,n,n,MOT,NOF,FAN,FAN,OLN,NOF,0,3188990_3190440
14,06,female_correct,3190440_3191910,ice,i,n,MOT,FAN,FAN,OLN,NOF,OLF,-2,3188990_3190440
14,06,female_correct,3199130_3199930,ice,q,n,MOT,FAN,FAN,SIL,FAN,OLF,-2,3195510_3199130
14,06,female_correct,3239650_3243630,shower,d,n,MOT,OLF,OLF,FAN,MAN,FAN,0,3239650_3243630
14,06,female_correct,3247870_3249840,bed,d,n,MOT,FAN,FAN,MAN,OLN,OLN,-2,3246860_3247870
14,06,female_correct,3251360_3253000,carpet,d,n,MOT,OLN,OLN,FAN,OLN,OLN,0,3251360_3253000
14,06,female_correct,3254520_3256520,waffle,d,y,MOT,OLN,OLN,FAN,OLF,NOF,0,3254520_3256520
14,06,female_correct,3263850_3265500,carpet,q,y,MOT,NOF,NOF,FAN,OLF,FAN,0,3263850_3265500
14,06,female_correct,3303420_3307200,desk,d,n,MOT,NOF,NOF,FAN,NOF,NOF,0,3303420_3307200
14,06,female_correct,3308050_3309090,desk,d,n,MOT,NOF,NOF,FAN,OLF,NOF,0,3308050_3309090
14,06,female_correct,4169720_4170320,foot,d,y,MOT,FAN,OLF,CHF,NOF,OLN,-2,4167730_4168920
14,06,female_correct,4368190_4369510,river,q,n,MOT,FAN,FAN,FAN,NOF,CXN,0,4368190_4369510
14,06,female_correct,4375240_4376400,river,d,n,MOT,FAN,FAN,NOF,OLF,NOF,-2,4374200_4375240
14,06,female_correct,4421930_4422930,marker,q,n,MOT,OLF,OLF,FAN,OLN,FAN,0,4421930_4422930
14,06,female_correct,4862070_4863070,yogurt,q,y,MOT,OLN,OLN,MAN,SIL,FAN,+2,4863870_4865110
14,06,female_correct,4865110_4868520,yogurt,q,y,MOT,FAN,FAN,NOF,FAN,NOF,-2,4863870_4865110
14,06,female_correct,4870370_4871370,highchair,i,n,MOT,NOF,NOF,FAF,OLF,NOF,0,4870370_4871370
14,06,female_correct,4878940_4879950,highchair,d,n,MOT,NOF,NOF,FAN,NOF,OLN,0,4878940_4879950
14,06,female_correct,4979770_4980990,fish,q,n,MOT,FAN,FAN,NOF,OLN,CHN,-2,4977630_4979770
14,06,female_correct,5052100_5053290,peach,n,n,MOT,FAN,FAN,OLF,CXN,NOF,-2,5050810_5052100
14,06,female_correct,5074160_5074960,top,d,n,MOT,FAN,FAN,SIL,FAN,CXN,-2,5072760_5074160
14,06,female_correct,5113100_5114610,yogurt,d,y,MOT,SIL,FAF,FAN,NOF,SIL,0,5113100_5114610
14,06,female_correct,5165080_5166630,yogurt,d,y,MOT,OLN,OLN,FAN,SIL,OLF,0,5165080_5166630
14,06,female_correct,5173930_5174770,spoon,q,y,MOT,FAN,FAN,OLN,NOF,NOF,-2,5172930_5173930
14,06,female_correct,5176380_5177380,spoon,q,y,MOT,NOF,NOF,FAN,NOF,FAN,0,5176380_5177380
14,06,female_correct,5223650_5225430,yogurt,d,y,MOT,SIL,SIL,FAN,OLF,NOF,0,5223650_5225430
14,06,female_correct,5235770_5237360,treat,d,n,MOT,SIL,SIL,FAN,SIL,FAN,0,5235770_5237360
14,06,female_correct,5474590_5476670,dogs,i,n,MOT,OLN,OLN,FAN,CXN,CXN,0,5474590_5476670
14,06,female_correct,5657350_5659330,bed,q,n,MOT,NOF,NOF,FAN,OLF,SIL,0,5657350_5659330
14,06,female_correct,6320060_6321070,highchair,q,n,MOT,CHN,CHN,FAN,NOF,OLN,0,6320060_6321070
14,06,female_correct,6361370_6363910,foot,i,n,MOT,OLF,OLF,FAN,NOF,SIL,0,6361370_6363910
14,06,female_correct,6372420_6373020,blinds,d,y,MOT,FAN,FAN,FAN,FAF,NON,0,6372420_6373020
14,06,female_correct,6651810_6652640,furniture,d,n,MOT,FAN,FAN,FAN,FAN,FAN,0,6651810_6652640
14,06,female_correct,6651810_6652640,furniture,d,n,MOT,FAN,FAN,FAN,FAN,OLN,0,6651810_6652640
14,06,female_correct,6652640_6655250,walls,d,n,MOT,FAN,FAN,FAN,OLN,FAN,0,6652640_6655250
14,06,female_correct,6754430_6756890,hand,d,y,MOT,CHN,NOF,FAN,FAN,SIL,0,6754430_6756890
14,06,female_correct,6758940_6761140,hair,d,y,MOT,FAN,SIL,FAN,OLN,CHN,0,6758940_6761140
14,06,female_correct,6763040_6764170,hair,d,y,MOT,FAN,OLN,CHN,CHN,CHN,-2,6758940_6761140
14,06,female_correct,6778700_6779770,thumb+nail,n,y,MOT,NOF,NOF,OLN,OLF,FAF,+2,6781480_6782540
14,06,female_correct,6781480_6782540,thumb,d,y,MOT,OLN,OLF,FAF,OLF,NOF,0,6781480_6782540
14,06,female_correct,7722320_7725810,sock+monkey,n,y,MOT,CHN,CHN,OLN,FAN,OLF,+1,7725810_7729020
14,06,female_correct,7725810_7729020,sock+monkey,q,y,MOT,CHN,OLN,FAN,OLF,OLN,0,7725810_7729020
14,06,female_correct,7729020_7729880,foot,d,y,MOT,OLN,FAN,OLF,OLN,CXN,-1,7725810_7729020
14,06,female_correct,7781330_7784620,salad,d,n,MOT,OLF,OLF,FAN,FAN,CXN,0,7781330_7784620
14,06,female_correct,7781330_7784620,salad,d,n,MOT,OLF,FAN,FAN,CXN,OLF,0,7781330_7784620
14,06,female_correct,7847610_7850070,balloon,q,n,MOT,CXN,CXN,FAN,CXN,OLN,0,7847610_7850070
14,06,female_correct,7855690_7857950,recycling+bin,i,n,MOT,OLF,OLF,FAN,SIL,SIL,0,7855690_7857950
14,06,female_correct,7859990_7861750,balloony,d,n,MOT,SIL,SIL,FAN,OLN,MAN,0,7859990_7861750
14,06,female_correct,7866100_7867300,door,d,n,MOT,NOF,NOF,FAN,OLN,OLF,0,7866100_7867300
14,06,female_correct,7938720_7941800,stove,d,n,MOT,OLF,OLF,FAN,CXN,OLN,0,7938720_7941800
14,06,female_correct,8012530_8015420,finger,d,y,MOT,OLN,OLF,FAN,NOF,FAN,0,8012530_8015420
14,06,female_correct,8039680_8042190,marker,d,n,MOT,OLN,OLN,FAN,FAN,OLN,0,8039680_8042190
14,06,female_correct,8039680_8042190,marker,d,n,MOT,OLN,FAN,FAN,OLN,NOF,0,8039680_8042190
14,06,female_correct,8465730_8466730,diaper,d,n,MOT,CHN,CHN,FAN,OLN,NOF,0,8465730_8466730
14,06,female_correct,8483380_8484690,book,d,y,MOT,OLN,OLF,FAN,OLN,NOF,0,8483380_8484690
14,06,female_correct,8551730_8552550,wipes,q,n,MOT,FAN,FAN,CXN,OLN,FAN,-2,8550470_8551730
14,06,female_correct,8559240_8560910,pack+and+play,q,n,MOT,SIL,SIL,FAN,SIL,FAN,0,8559240_8560910
14,06,female_correct,8802650_8803660,vest,d,n,MOT,FAN,FAN,OLN,NON,OLN,-2,8801640_8802650
14,06,female_correct,8900790_8901590,box,d,n,MOT,FAN,FAN,OLF,OLN,NOF,-2,8898820_8900790
14,06,female_correct,8901590_8902390,box,d,n,MOT,FAN,OLF,OLN,NOF,CXF,-2,8898820_8900790
14,06,female_correct,8932130_8935130,sheets,d,n,MOT,OLF,OLF,FAN,NOF,FAN,0,8932130_8935130
14,06,female_correct,9010080_9011890,paci,q,n,MOT,SIL,NOF,FAN,FAN,OLN,0,9010080_9011890
14,06,female_correct,9010080_9011890,paci,q,n,MOT,NOF,FAN,FAN,OLN,NOF,0,9010080_9011890
14,06,female_correct,9011890_9012930,bib,d,y,MOT,FAN,FAN,OLN,NOF,OLN,-2,9010080_9011890
14,06,female_correct,9067540_9068540,stroller,q,n,MOT,SIL,NON,FAN,NOF,OLF,0,9067540_9068540
14,06,female_correct,9070070_9071120,backpack,q,n,MOT,FAN,NOF,OLF,FAF,FAF,-2,9067540_9068540
14,06,female_correct,9072120_9072930,stroller,q,n,MOT,FAF,FAF,OLF,NOF,OLF,-2,9071120_9072120
14,06,female_correct,9106480_9107480,bib,d,y,MOT,NOF,NOF,FAN,OLF,OLF,0,9106480_9107480
14,06,female_correct,9332420_9333330,water,q,n,MOT,FAN,FAN,NOF,CHN,CHN,-2,9331270_9332420
14,06,female_correct,9334670_9335670,water,q,n,MOT,CHN,CHN,FAN,CHN,CHN,0,9334670_9335670
14,06,female_correct,9519690_9522010,drink,d,n,MOT,OLN,OLN,FAF,SIL,CHN,0,9519690_9522010
14,06,female_correct,9795730_9797480,pan,i,n,MOT,OLN,OLN,FAN,OLN,OLN,0,9795730_9797480
14,06,female_correct,9798300_9800130,pan,i,n,MOT,OLN,OLN,FAN,NOF,FAN,0,9798300_9800130
14,06,female_correct,9806510_9807610,bowl,d,n,MOT,FAN,FAN,MAN,FAN,NOF,-2,9804020_9806510
14,06,female_correct,9810550_9813350,bowl,q,n,MOT,NOF,NOF,FAN,NOF,FAN,0,9810550_9813350
14,06,female_correct,9841620_9843180,backpack,q,n,MOT,NOF,NOF,FAN,OLN,FAN,0,9841620_9843180
14,06,female_correct,10003820_10004820,water,q,y,MOT,SIL,SIL,FAN,FAN,OLN,0,10003820_10004820
14,06,female_correct,10003820_10004820,water,q,y,MOT,SIL,FAN,FAN,OLN,FAN,0,10003820_10004820
14,06,female_correct,10004820_10007100,water,n,y,MOT,FAN,FAN,OLN,FAN,OLF,-2,10003820_10004820
14,06,female_correct,10048930_10051260,picture,q,n,MOT,OLN,OLN,FAN,OLN,FAN,0,10048930_10051260
14,06,female_correct,10086270_10089670,stroller,q,n,MOT,OLN,OLN,FAN,OLN,NOF,0,10086270_10089670
14,06,female_correct,10242930_10246250,pillow,d,n,MOT,CXN,CXN,FAN,SIL,SIL,0,10242930_10246250
14,06,female_correct,10247640_10250000,socks,d,n,MOT,SIL,SIL,FAN,MAN,MAN,0,10247640_10250000
14,06,female_correct,10251540_10255170,socks,i,n,MOT,MAN,MAN,FAN,SIL,CXN,0,10251540_10255170
14,06,female_correct,10284950_10291230,socks,d,n,MOT,MAN,MAN,FAN,SIL,MAN,0,10284950_10291230
14,06,female_correct,10294410_10296100,blanky,i,n,MOT,CXN,CXN,FAN,SIL,FAN,0,10294410_10296100
14,06,female_correct,10305060_10305660,socks,i,n,MOT,FAN,FAN,FAN,FAN,FAN,0,10305060_10305660
14,06,female_correct,10305060_10305660,socks,i,n,MOT,FAN,FAN,FAN,FAN,SIL,0,10305060_10305660
14,06,female_correct,10305660_10312250,blanket,i,n,MOT,FAN,FAN,FAN,SIL,FAN,0,10305660_10312250
14,06,female_correct,10316290_10318820,socks,d,n,MOT,MAN,MAN,FAN,SIL,CXN,0,10316290_10318820
14,06,female_correct,10322820_10328160,sleeping+bag,i,n,MOT,SIL,SIL,FAN,FAN,FAN,0,10322820_10328160
14,06,female_correct,12269160_12271790,backpack,q,n,MOT,NOF,NOF,FAN,OLF,OLF,0,12269160_12271790
14,06,female_correct,12272880_12273910,fish+bowl,d,n,MOT,OLF,OLF,FAN,OLN,FAN,0,12272880_12273910
14,06,female_correct,12300200_12301200,wipe,i,n,MOT,FAN,FAN,MAN,FAN,OLN,-2,12299170_12300200
14,06,female_correct,12307550_12308970,sleeve,i,n,MOT,OLN,OLN,FAN,NON,NON,0,12307550_12308970
14,06,female_correct,12314820_12318840,table,d,n,MOT,NON,NON,FAN,OLN,OLF,0,12314820_12318840
14,06,female_correct,12350280_12351290,bed+sheets,q,n,MOT,NON,NON,FAN,OLF,OLF,0,12350280_12351290
14,06,female_correct,12352090_12360020,wipe,q,n,MOT,OLF,OLF,FAN,SIL,FAN,0,12352090_12360020
14,06,female_correct,12393940_12396530,bed,q,n,MOT,SIL,SIL,FAN,FAN,FAN,0,12393940_12396530
14,06,female_correct,12393940_12396530,bed,q,n,MOT,SIL,FAN,FAN,FAN,CXN,0,12393940_12396530
14,06,female_correct,12396530_12397150,sheets,q,n,MOT,FAN,FAN,FAN,CXN,FAN,0,12396530_12397150
14,06,female_correct,12411830_12414970,sheets,i,y,MOT,OLN,OLN,FAN,SIL,FAN,0,12411830_12414970
14,06,female_correct,12435720_12437970,bed,d,y,MOT,CXF,CXF,FAN,NOF,FAN,0,12435720_12437970
14,06,female_correct,12440830_12441430,hamper,q,y,MOT,FAN,FAN,FAN,FAN,OLF,0,12440830_12441430
14,06,female_correct,12447390_12448390,pillows,d,y,MOT,OLN,OLN,FAN,NOF,MAN,0,12447390_12448390
14,06,female_correct,12463580_12470030,animal+guys,q,y,MOT,OLN,OLN,FAN,OLF,OLN,0,12463580_12470030
14,06,female_correct,12476500_12478860,basket,d,y,MOT,FAN,FAN,OLN,FAN,OLN,-2,12475440_12476500
14,06,female_correct,12485080_12486410,bed,d,y,MOT,OLN,OLN,FAN,NOF,FAN,0,12485080_12486410
14,06,female_correct,12488670_12490030,sheets,d,y,MOT,FAN,FAN,NOF,OLF,NOF,-2,12487670_12488670
14,06,female_correct,12509340_12510380,hamper,i,y,MOT,CHF,CHF,FAN,OLF,OLF,0,12509340_12510380
14,06,female_correct,12511670_12515350,sheets,d,y,MOT,OLF,OLF,FAN,OLN,FAN,0,12511670_12515350
14,06,female_correct,12525120_12527020,trampoline,q,n,MOT,NOF,NOF,FAN,OLF,FAF,0,12525120_12527020
14,06,female_correct,12559190_12560690,sheets,q,y,MOT,NOF,NOF,FAN,CXN,FAN,0,12559190_12560690
14,06,female_correct,12598130_12600380,books,q,n,MOT,OLF,OLF,FAN,CXN,OLN,0,12598130_12600380
14,06,female_correct,12602440_12605080,books,i,n,MOT,OLN,OLN,FAN,SIL,SIL,0,12602440_12605080
14,06,female_correct,12606140_12608340,closet,d,n,MOT,SIL,SIL,FAN,CXF,SIL,0,12606140_12608340
14,06,female_correct,12725250_12728040,cupboard,i,y,MOT,CXF,CXF,FAN,CXN,FAN,0,12725250_12728040
14,06,female_correct,12731050_12734270,pictures,d,y,MOT,CXN,CXN,FAN,OLN,CHN,0,12731050_12734270
14,06,female_correct,12752570_12753570,magnet,d,n,MOT,CHN,CHN,FAN,FAN,OLN,0,12752570_12753570
14,06,female_correct,12752570_12753570,magnet,d,n,MOT,CHN,FAN,FAN,OLN,OLF,0,12752570_12753570
14,06,female_correct,12753570_12754370,anklet,d,n,MOT,FAN,FAN,OLN,OLF,SIL,-2,12752570_12753570
14,06,female_correct,12756880_12758430,magnet,d,n,MOT,SIL,SIL,FAN,SIL,CXN,0,12756880_12758430
14,06,female_correct,12784240_12786190,laundry,q,n,MOT,OLN,OLN,FAN,OLN,NOF,0,12784240_12786190
14,06,female_correct,13366680_13368040,toy,q,n,MOT,TVF,TVF,FAN,CXN,OLF,0,13366680_13368040
14,06,female_correct,13380490_13385180,toys,d,n,MOT,OLN,OLN,FAN,FAN,CXN,0,13380490_13385180
14,06,female_correct,13380490_13385180,toys,d,n,MOT,OLN,FAN,FAN,CXN,CXN,0,13380490_13385180
14,06,female_correct,13385180_13386250,weebles,d,n,MOT,FAN,FAN,CXN,CXN,CXN,-2,13380490_13385180
14,06,female_correct,13387050_13389200,weebles,d,n,MOT,CXN,CXN,FAN,OLN,FAN,0,13387050_13389200
14,06,female_correct,13391340_13392450,weeble,d,n,MOT,FAN,FAN,MAN,OLN,FAN,-2,13390340_13391340
14,06,female_correct,13405780_13408560,weebles,d,n,MOT,CXN,CXN,FAN,OLN,FAN,0,13405780_13408560
14,06,female_correct,13422790_13423700,ear,d,n,MOT,FAN,FAN,CXN,NOF,OLF,-2,13421700_13422790
14,06,female_correct,13427540_13430360,ear,d,n,MOT,NOF,NOF,FAN,MAN,MAN,0,13427540_13430360
14,06,female_correct,13440740_13443390,ears,q,n,MOT,OLN,OLN,FAN,NOF,FAN,0,13440740_13443390
14,06,female_correct,13491280_13492470,farmer,d,n,MOT,FAN,FAN,OLN,FAN,FAN,-2,13490280_13491280
14,06,female_correct,13492470_13493550,feet,d,n,MOT,FAN,OLN,FAN,FAN,MAN,0,13492470_13493550
14,06,female_correct,13492470_13493550,feet,d,n,MOT,OLN,FAN,FAN,MAN,CHN,0,13492470_13493550
14,06,female_correct,13493550_13494550,legs,d,n,MOT,FAN,FAN,MAN,CHN,CHN,-2,13492470_13493550
14,06,female_correct,13522860_13524450,eggs,q,n,MOT,SIL,SIL,FAN,SIL,CXN,0,13522860_13524450
14,06,female_correct,13528070_13529780,eggs,d,n,MOT,CXN,OLN,FAN,FAN,OLN,0,13528070_13529780
14,06,female_correct,13543020_13544750,farmer,s,n,MOT,NOF,NOF,FAN,OLN,NOF,0,13543020_13544750
14,06,female_correct,13658930_13660880,mouth,d,n,MOT,NOF,OLN,FAN,CXN,SIL,0,13658930_13660880
14,06,female_correct,13670800_13672810,mouth,d,n,MOT,SIL,NOF,FAN,OLF,FAN,0,13670800_13672810
14,06,female_correct,13680450_13681470,block,q,y,MOT,OLN,OLN,FAN,OLF,OLF,0,13680450_13681470
14,06,female_correct,13682500_13683680,dominos,d,y,MOT,OLF,OLF,FAN,CXN,NOF,0,13682500_13683680
14,06,female_correct,13710150_13711180,dominos,i,y,MOT,OLN,OLN,FAN,OLN,NOF,0,13710150_13711180
14,06,female_correct,14465650_14467040,nose,d,n,MOT,NOF,NOF,FAN,NOF,NOF,0,14465650_14467040
14,06,female_correct,14467860_14468860,cloth,q,y,MOT,NOF,NOF,FAN,FAN,OLN,0,14467860_14468860
14,06,female_correct,14467860_14468860,cloth,q,y,MOT,NOF,FAN,FAN,OLN,NON,0,14467860_14468860
14,06,female_correct,14515510_14517950,diaper,d,y,MOT,NOF,NOF,OLN,OLF,FAF,+2,14519700_14520790
14,06,female_correct,14593000_14594080,bumbo,d,y,MOT,FAN,FAN,MAN,FAN,OLF,-2,14591350_14593000
14,06,female_correct,14858620_14859750,thumbs,i,y,MOT,OLN,OLN,FAN,NOF,OLN,0,14858620_14859750
14,06,female_correct,14870790_14871590,neck,d,n,MOT,FAN,FAN,OLF,NOF,OLN,-2,14869360_14870790
14,06,female_correct,15050450_15051120,blocks,d,y,MOT,FAN,FAN,FAN,FAN,OLN,0,15050450_15051120
14,06,female_correct,15067370_15069670,laundry,d,n,MOT,FAF,SIL,FAN,CXN,CXN,0,15067370_15069670
14,06,female_correct,15169560_15171130,laundry,d,n,MOT,OLF,OLF,FAN,NOF,SIL,0,15169560_15171130
14,06,female_correct,15212130_15214080,vacuum,d,n,MOT,NOF,NOF,FAN,OLN,FAN,0,15212130_15214080
14,06,female_correct,15339530_15340840,laundry,d,n,MOT,OLN,OLN,FAN,OLF,SIL,0,15339530_15340840
14,06,female_correct,15357620_15358640,laundry,d,n,MOT,NOF,NOF,FAN,OLN,OLN,0,15357620_15358640
14,06,female_correct,15359600_15360650,calandar,i,n,MOT,OLN,OLN,FAN,OLN,OLN,0,15359600_15360650
14,06,female_correct,15361640_15363240,pen,i,n,MOT,OLN,OLN,FAN,OLN,NOF,0,15361640_15363240
14,06,female_correct,15777440_15778450,sneakers,q,n,MOT,NOF,NOF,FAN,SIL,OLF,0,15777440_15778450
14,06,female_correct,15794630_15796670,backpack,d,n,MOT,OLF,OLF,FAN,FAN,OLN,0,15794630_15796670
14,06,female_correct,15794630_15796670,backpack,d,n,MOT,OLF,FAN,FAN,OLN,FAN,0,15794630_15796670
14,06,female_correct,16937530_16938330,backpacky,q,y,MOT,SIL,SIL,FAN,NOF,OLN,0,16937530_16938330
14,06,female_correct,16962560_16963370,glove,d,y,MOT,FAN,FAN,FAN,FAN,OLN,0,16962560_16963370
14,06,female_correct,17190440_17190540,paci,d,y,MOT,OLN,FAN,CHN,CHN,CHN,-1,17188380_17190440
14,06,female_correct,17190440_17190540,paci,d,y,MOT,FAN,CHN,CHN,CHN,CHN,-2,17188380_17190440
14,06,female_correct,17199600_17200800,craft,q,n,MOT,OLN,FAN,MAN,OLN,FAN,-1,17198250_17199600
14,06,female_correct,17201650_17203530,craft,q,n,MOT,MAN,OLN,FAN,NOF,FAN,0,17201650_17203530
14,06,female_correct,17219240_17220750,flowers,n,n,MOT,CXN,OLF,FAN,OLN,NOF,0,17219240_17220750
14,06,female_correct,17241730_17242330,craft,q,n,MOT,CXN,FAN,FAN,CXN,FAN,0,17241730_17242330
14,06,female_correct,17258720_17261040,tissue+paper,d,n,MOT,NOF,CXN,FAN,SIL,FAN,0,17258720_17261040
14,06,female_correct,17272190_17273250,toes,n,n,MOT,OLN,FAN,CXN,CXN,OLF,-1,17270990_17272190
14,06,female_correct,17277490_17279620,feet,d,n,MOT,OLF,NOF,FAN,CXN,CXN,0,17277490_17279620
14,06,female_correct,17280700_17281730,foot,n,n,MOT,CXN,CXN,FAN,FAN,MAN,0,17280700_17281730
14,06,female_correct,17280700_17281730,foot,n,n,MOT,CXN,FAN,FAN,MAN,MAN,0,17280700_17281730
14,06,female_correct,17281730_17282730,flower,d,n,MOT,FAN,FAN,MAN,MAN,CXN,-2,17280700_17281730
14,06,female_correct,17281730_17282730,flower,d,n,MOT,FAN,MAN,MAN,CXN,FAN,-2,17280700_17281730
14,06,female_correct,17299440_17301230,tape,d,n,MOT,FAN,FAN,FAN,CXN,NOF,0,17299440_17301230
14,06,female_correct,17304350_17309620,tissue+paper,d,n,MOT,CHN,CHN,FAN,CXN,SIL,0,17304350_17309620
14,06,female_correct,17309620_17310450,pipe+cleaner,d,n,MOT,CHN,FAN,CXN,SIL,FAN,-1,17304350_17309620
14,06,female_correct,17318970_17321190,pom+poms,d,n,MOT,FAN,SIL,FAN,SIL,NOF,0,17318970_17321190
14,06,female_correct,17326430_17329000,birds,i,n,MOT,NOF,NOF,FAN,NOF,OLF,0,17326430_17329000
14,06,female_correct,17346060_17347790,pipe+cleaners,d,n,MOT,NOF,NOF,FAN,OLF,FAN,0,17346060_17347790
14,06,female_correct,17358070_17359070,pipe+cleaner,n,n,MOT,OLF,NOF,FAN,SIL,OLF,0,17358070_17359070
14,06,female_correct,17485730_17486730,backpack,d,n,MOT,FAN,OLN,FAN,OLF,FAN,0,17485730_17486730
14,06,female_correct,17487530_17489010,dogs,d,n,MOT,FAN,OLF,FAN,SIL,CXN,0,17487530_17489010
14,06,female_correct,17496280_17498830,markers,i,y,MOT,OLN,NON,OLN,FAN,OLN,+1,17498830_17499830
14,06,female_correct,17499830_17501160,pipe+cleaners,i,n,MOT,OLN,FAN,OLN,NOF,OLN,-1,17498830_17499830
14,06,female_correct,17763900_17765880,flower,q,y,MOT,NOF,NOF,FAN,NOF,NOF,0,17763900_17765880
14,06,female_correct,18165440_18166570,bowl,q,y,MOT,CHN,CHN,FAN,SIL,NOF,0,18165440_18166570
14,06,female_correct,18209020_18210980,bees,q,n,MOT,CHN,CHN,FAN,FAN,OLF,0,18209020_18210980
14,06,female_correct,18210980_18212020,turtle,q,n,MOT,CHN,FAN,FAN,OLF,NOF,0,18210980_18212020
14,06,female_correct,18319040_18322420,marker,i,n,MOT,NOF,NOF,FAN,NOF,OLF,0,18319040_18322420
14,06,female_correct,18325150_18326490,pencil,d,n,MOT,NOF,OLF,FAN,SIL,NOF,0,18325150_18326490
14,06,female_correct,18421950_18423010,thumb,q,y,MOT,CHN,CHN,FAN,FAN,NOF,0,18421950_18423010
14,06,female_correct,18421950_18423010,thumb,q,y,MOT,CHN,FAN,FAN,NOF,FAN,0,18421950_18423010
14,06,female_correct,18459710_18461020,bee,n,n,MOT,FAN,FAN,NOF,FAN,OLN,-2,18457680_18458280
14,06,female_correct,18492950_18494000,baby+toys,d,n,MOT,CXN,OLF,FAN,FAN,OLN,0,18492950_18494000
14,06,female_correct,18492950_18494000,baby+toys,d,n,MOT,OLF,FAN,FAN,OLN,CXN,0,18492950_18494000
14,06,female_correct,18494000_18496300,baby,d,n,MOT,FAN,FAN,OLN,CXN,OLN,-2,18492950_18494000
14,06,female_correct,18517010_18518010,hair,d,n,MOT,CHN,CHN,FAN,OLN,CXN,0,18517010_18518010
14,06,female_correct,18537680_18538680,dolly,d,y,MOT,OLN,OLN,FAN,OLN,OLN,0,18537680_18538680
14,06,female_correct,18541030_18543060,dolly,q,y,MOT,OLN,OLN,FAN,OLN,OLN,0,18541030_18543060
14,06,female_correct,18543060_18545150,mouth,d,y,MOT,OLN,FAN,OLN,OLN,FAN,-1,18541030_18543060
14,06,female_correct,18543060_18545150,mouth,d,y,MOT,FAN,OLN,OLN,FAN,OLF,-2,18541030_18543060
14,06,female_correct,18549050_18550800,laundry,d,n,MOT,OLF,NOF,FAN,OLN,FAN,0,18549050_18550800
14,06,female_correct,18551640_18552640,jumper,d,n,MOT,FAN,OLN,FAN,OLF,FAN,0,18551640_18552640
14,06,female_correct,18593270_18594070,sheets,d,n,MOT,FAN,FAN,OLF,FAN,FAN,-2,18590260_18593270
14,06,female_correct,18594070_18597390,jumper,d,n,MOT,FAN,OLF,FAN,FAN,OLF,0,18594070_18597390
14,06,female_correct,18594070_18597390,jumper,d,n,MOT,OLF,FAN,FAN,OLF,FAN,0,18594070_18597390
14,06,female_correct,18597390_18598780,bumbo,d,n,MOT,FAN,FAN,OLF,FAN,OLN,-2,18594070_18597390
14,06,female_correct,18600580_18601580,sneakers,d,n,MOT,OLN,OLN,FAN,SIL,FAN,0,18600580_18601580
14,06,female_correct,18617390_18618300,backpack,d,n,MOT,FAN,FAN,NOF,OLN,FAN,-2,18615760_18617390
14,06,female_correct,19351880_19354560,rattle,q,y,MOT,FAN,OLN,CHN,FAN,FAF,-2,19349780_19350810
14,06,female_correct,19500910_19504100,throat,d,n,MOT,FAN,FAN,FAN,SIL,SIL,0,19500910_19504100
14,06,female_correct,19505170_19514377,throat,d,n,MOT,SIL,SIL,FAN,FAN,SIL,0,19505170_19514377
14,06,female_correct,19505170_19514377,throat,d,n,MOT,SIL,FAN,FAN,SIL,FAN,0,19505170_19514377
14,06,female_correct,19517740_19518740,pool,d,n,MOT,FAN,FAN,MAN,SIL,FAN,-2,19515810_19517740
14,06,female_correct,19573520_19578230,dominos,q,y,MOT,FAN,FAN,FAN,CXN,NOF,0,19573520_19578230
14,06,female_correct,19692170_19695880,bed,d,n,MOT,OLN,OLN,FAN,NOF,NOF,0,19692170_19695880
14,06,female_correct,19696680_19698160,vacuum,d,n,MOT,NOF,NOF,FAN,OLF,NOF,0,19696680_19698160
14,06,female_correct,19703770_19704780,belly,q,n,MOT,CHN,CHN,FAN,SIL,FAN,0,19703770_19704780
14,06,female_correct,19707190_19709270,belly,q,n,MOT,FAN,FAN,OLF,OLN,CHN,-2,19706130_19707190
14,06,female_correct,19871170_19872170,rattle,n,y,MOT,OLN,CHN,FAN,NON,FAN,0,19871170_19872170
14,06,female_correct,19873070_19874280,rattle,n,y,MOT,FAN,NON,FAN,NOF,FAN,0,19873070_19874280
14,06,female_correct,19948840_19950800,chain,d,n,MOT,CHN,CHN,FAN,SIL,OLF,0,19948840_19950800
14,06,female_correct,20051460_20052470,rattle,d,y,MOT,OLN,OLN,FAN,FAN,FAN,0,20051460_20052470
14,06,female_correct,20051460_20052470,rattle,d,y,MOT,OLN,FAN,FAN,FAN,OLN,0,20051460_20052470
14,06,female_correct,20615530_20619200,socks,q,n,MOT,FAN,FAN,OLN,FAN,OLN,-2,20614450_20615530
14,06,female_correct,20621190_20622410,socks,d,n,MOT,OLN,OLN,FAN,NOF,FAN,0,20621190_20622410
14,06,female_correct,20627100_20627910,block,q,y,MOT,FAN,FAN,OLF,CHN,CHN,-2,20626100_20627100
14,06,female_correct,20641650_20642480,feet,i,n,MOT,FAN,FAN,OLN,FAN,CHN,-2,20640380_20641650
14,06,female_correct,20911630_20912850,hand,d,y,MOT,CXN,CXN,FAN,NON,FAN,0,20911630_20912850
14,06,female_correct,20955000_20956850,feet,s,y,MOT,SIL,SIL,FAN,FAN,NON,0,20955000_20956850
14,06,female_correct,20955000_20956850,feet,s,y,MOT,SIL,FAN,FAN,NON,CXN,0,20955000_20956850
14,06,female_correct,21107730_21109590,tree,q,n,MOT,OLF,OLF,FAN,OLN,CHN,0,21107730_21109590
14,06,female_correct,21131050_21132630,dog,d,n,MOT,OLN,OLN,FAN,OLF,CHN,0,21131050_21132630
14,06,female_correct,21167170_21168400,minions,q,n,MOT,OLN,OLN,FAN,OLN,NOF,0,21167170_21168400
14,06,female_correct,21187700_21190020,hair,i,y,MOT,OLN,OLN,FAN,NOF,CHN,0,21187700_21190020
14,06,female_correct,21222650_21223900,Ariel,n,y,MOT,SIL,SIL,FAN,NOF,FAN,0,21222650_21223900
14,06,female_correct,21227870_21228880,Ariel,d,y,MOT,FAN,FAN,MAN,OLN,OLN,-2,21226400_21227870
14,06,female_correct,21257040_21258320,box,d,y,MOT,FAN,FAN,OLN,FAN,FAN,-2,21255580_21257040
14,06,female_correct,21258320_21259320,box,d,y,MOT,FAN,OLN,FAN,FAN,OLN,0,21258320_21259320
14,06,female_correct,21258320_21259320,box,d,y,MOT,OLN,FAN,FAN,OLN,CHN,0,21258320_21259320
14,06,female_correct,21259320_21261110,farmer,s,n,MOT,FAN,FAN,OLN,CHN,OLN,-2,21258320_21259320
14,06,female_correct,21283970_21285220,farmer,s,n,MOT,NOF,NOF,CHN,CHN,FAN,+2,21286420_21287020
14,06,female_correct,21323700_21325120,box,d,y,MOT,FAN,FAN,NOF,OLN,MAN,-2,21321560_21323700
14,06,female_correct,21335570_21336820,Tiana,d,y,MOT,NON,NON,FAN,CHN,CHN,0,21335570_21336820
14,06,female_correct,21355680_21356700,Tiana,d,y,MOT,FAN,FAN,FAN,SIL,SIL,0,21355680_21356700
14,06,female_correct,21357920_21358970,princess,d,y,MOT,SIL,SIL,FAN,FAF,FAF,0,21357920_21358970
14,06,female_correct,21360170_21365280,box,d,y,MOT,FAF,FAF,FAN,FAN,CXN,0,21360170_21365280
14,06,female_correct,21360170_21365280,box,d,y,MOT,FAF,FAN,FAN,CXN,FAN,0,21360170_21365280
14,06,female_correct,21365280_21367040,farmer,d,n,MOT,FAN,FAN,CXN,FAN,MAN,-2,21360170_21365280
14,06,female_correct,21422740_21423820,castle,d,n,MOT,CXN,CXN,FAN,OLF,OLN,0,21422740_21423820
14,06,female_correct,21429610_21430510,castle,d,n,MOT,FAN,FAN,OLF,NOF,CXN,-2,21427530_21429610
14,06,female_correct,21490300_21492660,box,q,y,MOT,NOF,NOF,FAN,OLN,OLN,0,21490300_21492660
14,06,female_correct,21492660_21493460,box,i,y,MOT,NOF,FAN,OLN,OLN,CXN,-1,21490300_21492660
14,06,female_correct,21492660_21493460,box,i,y,MOT,FAN,OLN,OLN,CXN,CXN,-2,21490300_21492660
14,06,female_correct,21549120_21550360,Belle,n,y,MOT,OLN,OLN,FAN,FAN,OLN,0,21549120_21550360
14,06,female_correct,21549120_21550360,Belle,n,y,MOT,OLN,FAN,FAN,OLN,FAN,0,21549120_21550360
14,06,female_correct,21551780_21552380,Ariel,n,y,MOT,FAN,OLN,FAN,FAN,NOF,0,21551780_21552380
14,06,female_correct,21551780_21552380,Ariel,n,y,MOT,OLN,FAN,FAN,NOF,FAN,0,21551780_21552380
14,06,female_correct,21552380_21553260,Belle,n,y,MOT,FAN,FAN,NOF,FAN,NOF,-2,21551780_21552380
14,06,female_correct,21553260_21554260,Belle,n,y,MOT,FAN,NOF,FAN,NOF,FAN,0,21553260_21554260
14,06,female_correct,21556860_21557860,box,i,y,MOT,OLF,OLF,FAN,NOF,FAN,0,21556860_21557860
14,06,female_correct,21563240_21564520,box,q,y,MOT,NOF,FAN,NOF,CHN,CXN,-1,21562230_21563240
14,06,female_correct,21570140_21570940,mouth,s,n,MOT,CXN,OLN,OLF,TVF,FAN,+2,21571940_21572940
14,06,female_correct,21593040_21594760,Belle,d,n,MOT,CXN,OLN,FAN,OLN,NOF,0,21593040_21594760
14,06,female_correct,21594760_21597680,Tiana,d,n,MOT,OLN,FAN,OLN,NOF,OLN,-1,21593040_21594760
14,06,female_correct,21758300_21759690,board+games,d,n,MOT,NOF,NOF,OLN,FAN,OLN,+1,21759690_21760690
14,06,female_correct,21772130_21774790,game,q,n,MOT,OLN,OLN,FAN,FAN,OLN,0,21772130_21774790
14,06,female_correct,21772130_21774790,game,q,n,MOT,OLN,FAN,FAN,OLN,NOF,0,21772130_21774790
14,06,female_correct,21774790_21776240,cupboard,q,n,MOT,FAN,FAN,OLN,NOF,OLN,-2,21772130_21774790
14,06,female_correct,21797250_21798710,britches,q,y,MOT,NOF,NOF,FAN,SIL,FAN,0,21797250_21798710
14,06,female_correct,21842990_21844040,Belle,d,n,MOT,OLF,OLF,FAN,OLF,CXN,0,21842990_21844040
14,06,female_correct,21853110_21855260,princess,d,n,MOT,CXN,CXN,FAN,CHN,CHN,0,21853110_21855260
14,06,female_correct,21860050_21861050,princess,d,n,MOT,OLN,OLN,FAN,NOF,CXN,0,21860050_21861050
14,06,female_correct,21865890_21866890,princess,d,n,MOT,SIL,SIL,FAN,SIL,CXN,0,21865890_21866890
14,06,female_correct,21901220_21902380,Belle,d,n,MOT,NOF,NOF,FAN,NOF,OLN,0,21901220_21902380
14,06,female_correct,21918900_21919910,princess,d,n,MOT,OLN,OLN,FAN,OLF,OLN,0,21918900_21919910
14,06,female_correct,22059960_22060850,mouth,d,y,MOT,FAN,FAN,OLN,CXN,OLN,-2,22058210_22059360
14,06,female_correct,22195250_22198160,dominos,i,n,MOT,OLN,OLN,FAN,FAN,MAN,0,22195250_22198160
14,06,female_correct,22195250_22198160,dominos,i,n,MOT,OLN,FAN,FAN,MAN,CXN,0,22195250_22198160
14,06,female_correct,22198160_22199630,cupboard,i,n,MOT,FAN,FAN,MAN,CXN,FAN,-2,22195250_22198160
14,06,female_correct,22201620_22202420,soap,i,n,MOT,FAN,FAN,NOF,SIL,FAN,-2,22200470_22201620
14,06,female_correct,22864290_22866140,eyes,q,n,MOT,CXN,CXN,FAN,FAN,FAN,0,22864290_22866140
14,06,female_correct,22885970_22888030,markers,d,n,MOT,CXN,CXN,FAN,NOF,CHN,0,22885970_22888030
14,06,female_correct,22900380_22901450,vacuum,d,n,MOT,OLN,OLN,FAN,FAN,OLN,0,22900380_22901450
14,06,female_correct,22900380_22901450,vacuum,d,n,MOT,OLN,FAN,FAN,OLN,FAN,0,22900380_22901450
14,06,female_correct,22901450_22903890,floor,d,n,MOT,FAN,FAN,OLN,FAN,OLN,-2,22900380_22901450
14,06,female_correct,23079060_23080950,eyes,d,n,MOT,FAN,FAN,FAN,SIL,FAN,0,23079060_23080950
14,06,female_correct,23123100_23125290,face,i,y,MOT,FAN,FAN,OLN,FAN,OLN,-2,23122500_23123100
14,06,female_correct,23125290_23127820,face,i,y,MOT,FAN,OLN,FAN,OLN,TVF,0,23125290_23127820
14,06,female_correct,23143520_23145430,eyes,d,n,MOT,MAF,MAF,FAN,OLF,FAN,0,23143520_23145430
14,06,female_correct,23146720_23149030,eyes,d,n,MOT,FAN,OLF,FAN,SIL,FAN,0,23146720_23149030
14,06,female_correct,23431580_23437000,wig,d,n,MOT,SIL,SIL,FAN,CXN,CXN,0,23431580_23437000
14,06,female_correct,23570400_23572040,eyes,d,n,MOT,OLN,OLN,FAN,SIL,NOF,0,23570400_23572040
14,06,female_correct,23663900_23665240,door,q,n,MOT,TVF,TVF,FAN,SIL,CXF,0,23663900_23665240
14,06,female_correct,25275280_25278140,lights,d,n,MOT,NOF,NOF,FAN,NOF,OLN,0,25275280_25278140
14,06,female_correct,25330140_25331360,shirt,d,y,MOT,NOF,NOF,FAN,FAN,NOF,0,25330140_25331360
14,06,female_correct,25330140_25331360,shirt,d,y,MOT,NOF,FAN,FAN,NOF,CXN,0,25330140_25331360
14,06,female_correct,25349760_25352200,head,i,n,MOT,NOF,NOF,FAN,NOF,CHN,0,25349760_25352200
14,06,female_correct,25381080_25382590,dog,d,n,MOT,NOF,NOF,FAN,NOF,FAN,0,25381080_25382590
14,06,female_correct,25491690_25493530,flowers,d,n,MOT,SIL,SIL,FAF,SIL,NOF,0,25491690_25493530
14,06,female_correct,25509910_25511220,flowers,d,n,MOT,FAN,FAN,MAN,FAN,NOF,-2,25508390_25509910
14,06,female_correct,25523060_25524370,headband,d,n,MOT,NOF,NOF,FAN,OLN,FAN,0,25523060_25524370
14,06,female_correct,25625080_25626000,celery,n,n,MOT,FAN,FAN,OLN,CXN,CXN,-2,25624040_25625080
14,06,female_correct,25630990_25632000,celery,d,n,MOT,FAN,FAN,MAN,NOF,OLN,-2,25629920_25630990
14,06,female_correct,25658200_25660090,hands,i,n,MOT,OLN,OLN,FAN,OLN,FAN,0,25658200_25660090
14,06,female_correct,25700360_25701360,tag,q,y,MOT,NOF,SIL,FAN,SIL,FAN,0,25700360_25701360
14,06,female_correct,25726960_25729460,slide,q,n,MOT,OLN,OLN,FAN,NOF,NOF,0,25726960_25729460
14,06,female_correct,25730420_25731440,fish+tank,q,n,MOT,NOF,NOF,FAN,OLN,NOF,0,25730420_25731440
14,06,female_correct,25830590_25832350,towel,d,n,MOT,OLN,OLN,FAN,NOF,CXN,0,25830590_25832350
14,06,female_correct,25865670_25869530,pipe+cleaners,d,n,MOT,CXN,CXN,FAN,SIL,SIL,0,25865670_25869530
14,06,female_correct,25870330_25873680,pipe+cleaners,i,n,MOT,SIL,SIL,FAN,OLN,CXN,0,25870330_25873680
14,06,female_correct,25922740_25923740,bag,d,n,MOT,OLF,OLF,FAN,OLF,NOF,0,25922740_25923740
14,06,female_correct,26963180_26967190,diaper,d,y,MOT,FAN,FAN,OLN,CXN,OLF,-2,26962180_26963180
14,06,female_correct,26989760_26992050,hands,d,y,MOT,OLN,CHN,FAN,NOF,FAN,0,26989760_26992050
14,06,female_correct,27006250_27007260,diaper,d,n,MOT,OLN,OLN,FAN,OLN,NOF,0,27006250_27007260
14,06,female_correct,27051220_27052220,bath,q,n,MOT,CHN,CHN,FAN,OLN,CHN,0,27051220_27052220
14,06,female_correct,27068370_27068850,bath,q,n,MOT,FAN,FAN,CHN,CHN,NON,-2,27066800_27068370
14,06,female_correct,27676240_27679300,bed,d,n,MOT,OLN,OLN,FAN,FAN,OLN,0,27676240_27679300
14,06,female_correct,27676240_27679300,bed,d,n,MOT,OLN,FAN,FAN,OLN,CXN,0,27676240_27679300
14,06,female_correct,27679300_27681710,clothes,d,n,MOT,FAN,FAN,OLN,CXN,OLF,-2,27676240_27679300
14,06,female_correct,27750040_27754920,table,d,n,MOT,NON,NON,FAN,OLN,FAN,0,27750040_27754920
14,06,female_correct,27766560_27768310,house,d,n,MOT,OLF,OLF,FAN,NON,SIL,0,27766560_27768310
14,06,female_correct,27914070_27916210,table,i,n,MOT,OLN,OLN,FAN,NON,NON,0,27914070_27916210
14,06,female_correct,27919420_27920910,markers,i,n,MOT,NON,NON,FAN,NOF,FAN,0,27919420_27920910
14,06,female_correct,27926440_27928860,phone,d,n,MOT,CXN,CXN,FAN,NOF,FAN,0,27926440_27928860
14,06,female_correct,27975620_27977370,foil,q,n,MOT,OLN,OLN,FAN,OLN,OLN,0,27975620_27977370
14,06,female_correct,27978210_27979410,foil,d,n,MOT,OLN,OLN,FAN,OLN,FAN,0,27978210_27979410
14,06,female_correct,27982690_27988070,aluminum+foil,n,n,MOT,OLN,OLN,FAN,OLF,NOF,0,27982690_27988070
14,06,female_correct,28466480_28467490,bread,d,n,MOT,NOF,NOF,FAN,FAN,OLN,0,28466480_28467490
14,06,female_correct,28466480_28467490,bread,d,n,MOT,NOF,FAN,FAN,OLN,NOF,0,28466480_28467490
14,06,female_correct,28467490_28469060,bread,d,n,MOT,FAN,FAN,OLN,NOF,OLN,-2,28466480_28467490
14,06,female_correct,28590500_28591630,sheets,d,n,MOT,FAN,FAN,MAF,FAN,MAF,-2,28588410_28590500
14,06,female_correct,28591630_28592660,blankets,d,n,MOT,FAN,MAF,FAN,MAF,SIL,0,28591630_28592660
14,06,female_correct,28599100_28599700,clothes,d,n,MOT,FAN,FAN,FAN,SIL,NOF,0,28599100_28599700
14,06,female_correct,28609330_28611120,pants,d,n,MOT,MAN,MAN,FAN,SIL,FAF,0,28609330_28611120
14,06,female_correct,28748650_28750490,tires,q,n,MOT,NOF,NOF,FAN,NOF,MAN,0,28748650_28750490
14,06,female_correct,28768260_28769270,tires,d,n,MOT,FAN,FAN,MAN,SIL,NOF,-2,28767250_28768260
14,06,female_correct,28913640_28917210,balance+beam,d,n,MOT,NOF,NOF,FAN,OLF,OLF,0,28913640_28917210
14,06,female_correct,28918140_28919170,head,d,n,MOT,OLF,OLF,FAN,OLN,CHN,0,28918140_28919170
14,06,female_correct,28927060_28930350,balance+beam,d,n,MOT,CHN,CHN,FAN,OLN,NOF,0,28927060_28930350
14,06,female_correct,28938030_28942190,ankle,d,n,MOT,FAN,FAN,OLN,NOF,OLN,-2,28937030_28938030
14,06,female_correct,29035760_29037560,knee,d,n,MOT,OLF,OLF,FAN,MAN,FAN,0,29035760_29037560
14,06,female_correct,29091800_29094410,arm,d,y,MOT,MAN,MAN,FAN,OLN,OLN,0,29091800_29094410
14,06,female_correct,29096710_29102980,back,d,n,MOT,MAN,MAN,OLN,NOF,FAN,+2,29103780_29105320
14,06,female_correct,29115000_29116760,head,d,n,MOT,MAN,MAN,FAN,OLN,NOF,0,29115000_29116760
14,06,female_correct,29140510_29142290,pretzel,d,n,MOT,OLN,OLN,FAN,CHN,OLN,0,29140510_29142290
14,06,female_correct,29251880_29254700,condiments,q,n,MOT,NOF,NOF,FAN,OLF,NOF,0,29251880_29254700
14,06,female_correct,29273090_29274190,toys,d,n,MOT,OLN,OLN,MAN,FAN,OLN,+1,29274190_29275210
14,06,female_correct,29314420_29315420,milk,q,n,MOT,OLN,OLN,FAN,OLF,NOF,0,29314420_29315420
14,06,female_correct,29331680_29332690,hot+dogs,d,y,MOT,OLN,OLN,MAN,OLN,FAN,+2,29333490_29335350
14,06,female_correct,29333490_29335350,dogs,d,n,MOT,MAN,OLN,FAN,OLN,FAN,0,29333490_29335350
14,06,female_correct,29336150_29339350,pants,d,n,MOT,FAN,OLN,FAN,OLN,MAN,0,29336150_29339350
14,06,female_correct,29388720_29390020,pictures,r,n,MOT,OLN,OLN,FAN,OLN,FAN,0,29388720_29390020
14,06,female_correct,29397080_29399100,pictures,d,n,MOT,NOF,CXN,FAN,OLN,OLN,0,29397080_29399100
14,06,female_correct,29399950_29402340,magazines,d,n,MOT,OLN,OLN,FAN,FAN,OLN,0,29399950_29402340
14,06,female_correct,29399950_29402340,magazines,d,n,MOT,OLN,FAN,FAN,OLN,FAN,0,29399950_29402340
14,06,female_correct,29408270_29412430,balcony,i,n,MOT,OLN,OLN,FAN,OLF,FAN,0,29408270_29412430
14,06,female_correct,29413820_29415380,laundry,d,n,MOT,FAN,OLF,FAN,OLN,FAN,0,29413820_29415380
14,06,female_correct,29423170_29424450,laundry,q,n,MOT,FAN,FAN,CXN,OLN,CXN,-2,29422570_29423170
14,06,female_correct,30357590_30359300,doggies,q,n,MOT,OLN,OLN,FAN,OLF,NOF,0,30357590_30359300
14,06,female_correct,30402190_30403260,dog+hair,q,y,MOT,OLF,NOF,FAN,OLN,NOF,0,30402190_30403260
14,06,female_correct,30403260_30406690,dog+hair,q,y,MOT,NOF,FAN,OLN,NOF,OLN,-1,30402190_30403260
14,06,female_correct,30478980_30479980,flashlight,q,n,MOT,OLF,OLF,FAN,OLN,OLF,0,30478980_30479980
14,06,female_correct,30485490_30487100,flashlight,d,n,MOT,OLN,OLN,FAN,OLN,CXN,0,30485490_30487100
14,06,female_correct,30791440_30792970,face,d,y,MOT,CHN,CHN,FAN,OLF,OLN,0,30791440_30792970
14,06,female_correct,31041950_31042950,doggie,q,y,MOT,CHN,CHN,FAN,CHN,OLF,0,31041950_31042950
14,06,female_correct,31044890_31045950,doggie,q,y,MOT,OLF,OLF,FAN,SIL,SIL,0,31044890_31045950
14,06,female_correct,31047210_31050470,doggie,q,y,MOT,SIL,SIL,FAN,NOF,FAF,0,31047210_31050470
14,06,female_correct,31516700_31517810,speakers,d,n,MOT,OLF,OLF,FAN,MAN,OLF,0,31516700_31517810
14,06,female_correct,31524250_31525250,speakers,d,n,MOT,FAN,FAN,FAN,CXF,MAN,0,31524250_31525250
14,06,female_correct,31528940_31533460,picture,q,n,MOT,MAF,MAF,FAN,SIL,MAF,0,31528940_31533460
14,06,female_correct,31832050_31832910,belly,q,n,MOT,FAF,FAF,OLN,NOF,OLF,-2,31831050_31832050
14,06,female_correct,32044030_32046000,piggy+legs,d,n,MOT,NOF,NOF,FAN,CXN,MAF,0,32044030_32046000
14,06,female_correct,32047810_32048850,piggy+legs,n,n,MOT,MAF,MAF,FAN,FAF,FAN,0,32047810_32048850
14,06,female_correct,32190200_32192960,hair,d,y,MOT,OLN,NOF,FAN,OLN,NOF,0,32190200_32192960
14,06,female_correct,32208420_32212860,hair,i,y,MOT,OLN,NOF,OLN,FAN,FAN,+1,32212860_32215250
14,06,female_correct,32215250_32217280,hands,i,n,MOT,FAN,FAN,NOF,OLF,NOF,-2,32212860_32215250
14,06,female_correct,32686510_32687550,water,q,y,MOT,CHN,CHN,FAN,FAN,CHN,0,32686510_32687550
14,06,female_correct,32686510_32687550,water,q,y,MOT,CHN,FAN,FAN,CHN,CHN,0,32686510_32687550
14,06,female_correct,32820720_32823800,wipes,d,n,MOT,FAN,FAN,OLN,FAN,OLF,-2,32818720_32820720
14,06,female_correct,32823800_32824800,milk,i,n,MOT,FAN,OLN,FAN,OLF,OLN,0,32823800_32824800
14,06,female_correct,33813750_33815120,mule,n,n,MOT,TVF,TVF,FAN,NOF,OLN,0,33813750_33815120
14,06,female_correct,34630670_34632340,chocolate,q,n,MOT,SIL,SIL,FAN,CXN,FAN,0,34630670_34632340
14,06,female_correct,34634270_34635320,chocolate,d,n,MOT,FAN,FAN,MAN,FAN,MAF,-2,34633270_34634270
14,06,female_correct,34644350_34645820,spider,d,n,MOT,NOF,NOF,FAN,TVF,SIL,0,34644350_34645820
14,06,female_correct,34655610_34656610,shop+vac,n,n,MOT,MAF,MAF,FAN,MAF,TVF,0,34655610_34656610
14,06,female_correct,34682910_34686210,horse,q,n,MOT,SIL,SIL,FAN,FAN,FAN,0,34682910_34686210
14,06,female_correct,34682910_34686210,horse,q,n,MOT,SIL,FAN,FAN,FAN,FAN,0,34682910_34686210
14,06,female_correct,34741760_34742960,carts,q,n,MOT,FAN,FAN,MAN,FAN,CXN,-2,34740690_34741760
14,06,female_correct,34808580_34809840,saliva,i,n,MOT,SIL,SIL,FAN,SIL,MAF,0,34808580_34809840
14,06,female_correct,34838160_34839355,tunnel,n,n,MOT,TVF,TVF,FAF,SIL,FAN,0,34838160_34839355
14,06,female_correct,34883520_34884560,chocolate,d,n,MOT,MAN,MAN,FAN,FAF,TVF,0,34883520_34884560
14,06,female_correct,35012310_35014630,cart,d,n,MOT,CXN,CXN,FAN,FAN,CXN,0,35012310_35014630
14,06,female_correct,35012310_35014630,cart,d,n,MOT,CXN,FAN,FAN,CXN,FAF,0,35012310_35014630
14,06,female_correct,35016230_35018460,cart,d,n,MOT,FAF,FAF,FAN,SIL,CHN,0,35016230_35018460
14,06,female_correct,35022160_35023990,track,d,n,MOT,SIL,SIL,FAN,FAF,FAN,0,35022160_35023990
14,06,female_correct,35065910_35067170,track,d,n,MOT,FAN,FAN,MAN,FAN,CHN,-2,35064830_35065910
14,06,female_correct,35072740_35075060,tunnel,d,n,MOT,CXN,CXN,FAN,MAF,FAN,0,35072740_35075060
14,06,female_correct,35091590_35093010,chocolate,d,n,MOT,OLF,OLF,FAN,FAN,MAN,0,35091590_35093010
14,06,female_correct,35091590_35093010,chocolate,d,n,MOT,OLF,FAN,FAN,MAN,OLN,0,35091590_35093010
14,06,female_correct,35093010_35094900,sheets,d,n,MOT,FAN,FAN,MAN,OLN,OLN,-2,35091590_35093010
14,06,female_correct,35097440_35099030,chocolate,d,n,MOT,OLN,OLN,FAN,OLN,FAN,0,35097440_35099030
14,06,female_correct,35113880_35114950,chocolate,d,n,MOT,OLN,OLN,MAF,OLN,FAN,+2,35115940_35119710
14,06,female_correct,35174270_35175290,shower,q,n,MOT,OLN,OLN,FAN,OLN,FAN,0,35174270_35175290
14,06,female_correct,35264080_35266640,bowl,i,n,MOT,NOF,NOF,FAN,NOF,NOF,0,35264080_35266640
14,06,female_correct,35267440_35270490,chocolate+pieces,i,n,MOT,NOF,NOF,FAN,OLN,FAN,0,35267440_35270490
14,06,female_correct,35278590_35280850,chocolate+chunks,d,n,MOT,OLN,OLN,FAN,MAF,NOF,0,35278590_35280850
14,06,female_correct,35286510_35287620,doggies,d,n,MOT,OLF,OLF,FAN,NOF,FAN,0,35286510_35287620
14,06,female_correct,35291680_35292680,sink,i,n,MOT,OLF,OLF,FAN,NOF,FAN,0,35291680_35292680
14,06,female_correct,35304000_35306040,shower,q,n,MOT,OLN,OLN,FAN,OLF,FAN,0,35304000_35306040
14,06,female_correct,35309360_35310160,shower,d,n,MOT,FAN,FAN,OLN,NOF,CXF,-2,35307580_35309360
14,06,female_correct,35533340_35534340,foot,q,y,MOT,CHN,CHN,FAN,NOF,CHN,0,35533340_35534340
14,06,female_correct,35749510_35751010,socks,q,n,MOT,CXN,CXN,FAN,NOF,OLF,0,35749510_35751010
14,06,female_correct,35873470_35874810,neck,d,n,MOT,FAN,FAN,OLN,CXN,CXN,-2,35870400_35873470
14,06,female_correct,36163280_36166310,lotion,q,n,MOT,CXN,SIL,FAN,NOF,CHN,0,36163280_36166310
14,06,female_correct,36277640_36278770,hair,i,y,MOT,CHN,OLN,FAN,OLN,FAN,0,36277640_36278770
14,06,female_correct,36282880_36285400,kangaroo+book,q,n,MOT,OLN,FAN,OLN,OLN,CXN,-1,36281560_36282880
14,06,female_correct,36282880_36285400,kangaroo+book,q,n,MOT,FAN,OLN,OLN,CXN,CXN,-2,36281560_36282880
14,06,female_correct,36316920_36317990,kangaroo,d,y,MOT,FAN,OLF,FAN,OLF,OLF,0,36316920_36317990
14,06,female_correct,36318820_36320070,baby+kangaroo,d,y,MOT,OLF,OLF,FAN,OLF,OLF,0,36318820_36320070
14,06,female_correct,36320070_36321210,pouch,d,y,MOT,OLF,FAN,OLF,OLF,FAN,-1,36318820_36320070
14,06,female_correct,36320070_36321210,pouch,d,y,MOT,FAN,OLF,OLF,FAN,FAN,-2,36318820_36320070
14,06,female_correct,36321810_36325140,joey,n,n,MOT,FAN,FAN,OLF,FAN,OLF,-2,36321210_36321810
14,06,female_correct,36331390_36332690,animal,r,y,MOT,FAN,FAN,OLN,FAF,OLF,-2,36330320_36331390
14,06,female_correct,36338020_36338860,head,r,y,MOT,FAN,FAN,OLN,FAN,FAN,-2,36336990_36338020
14,06,female_correct,36339980_36341160,ears,r,y,MOT,FAN,FAN,NOF,OLN,FAN,-2,36338860_36339980
14,06,female_correct,36341160_36343680,animal,r,y,MOT,FAN,NOF,OLN,FAN,FAN,-2,36338860_36339980
14,06,female_correct,36343680_36346480,tail,r,y,MOT,NOF,OLN,FAN,FAN,OLF,0,36343680_36346480
14,06,female_correct,36343680_36346480,tail,r,y,MOT,OLN,FAN,FAN,OLF,FAN,0,36343680_36346480
14,06,female_correct,36346480_36349100,stomach,r,y,MOT,FAN,FAN,OLF,FAN,OLN,-2,36343680_36346480
14,06,female_correct,36352410_36353450,legs,r,y,MOT,OLN,OLN,OLF,FAN,NOF,+1,36353450_36355660
14,06,female_correct,36358310_36359660,kangaroo,r,y,MOT,NOF,OLN,FAN,OLF,OLN,0,36358310_36359660
14,06,female_correct,36366010_36367040,kangaroo,r,y,MOT,OLN,OLN,FAN,OLN,MAN,0,36366010_36367040
14,06,female_correct,36370310_36372730,kangaroos,r,y,MOT,NOF,NOF,FAN,FAN,OLF,0,36370310_36372730
14,06,female_correct,36370310_36372730,kangaroos,r,y,MOT,NOF,FAN,FAN,OLF,NOF,0,36370310_36372730
14,06,female_correct,36372730_36373750,rabbit,r,y,MOT,FAN,FAN,OLF,NOF,NOF,-2,36370310_36372730
14,06,female_correct,36374580_36375900,trees,r,y,MOT,NOF,NOF,FAN,NOF,FAN,0,36374580_36375900
14,06,female_correct,36378990_36379810,animals,r,y,MOT,FAN,FAN,OLF,FAN,FAN,-2,36376710_36378990
14,06,female_correct,36380960_36382970,kangaroos,r,y,MOT,FAN,FAN,OLN,NOF,FAN,-2,36379810_36380960
14,06,female_correct,36386050_36387400,kangaroo,r,y,MOT,FAN,FAN,OLN,OLF,OLN,-2,36384740_36386050
14,06,female_correct,36397650_36398740,head,q,y,MOT,OLN,OLN,FAN,FAN,OLF,0,36397650_36398740
14,06,female_correct,36397650_36398740,head,q,y,MOT,OLN,FAN,FAN,OLF,FAF,0,36397650_36398740
14,06,female_correct,36398740_36401710,animal,d,n,MOT,FAN,FAN,OLF,FAF,OLF,-2,36397650_36398740
14,06,female_correct,36405430_36407210,money,d,n,MOT,FAN,FAN,OLF,OLN,NOF,-2,36403780_36405430
14,06,female_correct,36407210_36408030,animal,q,n,MOT,FAN,OLF,OLN,NOF,OLF,-2,36403780_36405430
14,06,female_correct,36511760_36512640,wings,d,n,MOT,FAN,FAN,OLN,FAN,MAN,-2,36510740_36511760
14,06,female_correct,36536780_36537800,animals,r,y,MOT,NOF,NOF,OLN,FAN,NOF,+1,36537800_36538990
14,06,female_correct,36545670_36546670,kangaroos,r,y,MOT,FAF,FAF,MAN,MAN,OLF,-2,36544660_36545670
14,06,female_correct,36545670_36546670,kangaroos,r,y,MOT,FAF,MAN,MAN,OLF,FAN,-2,36544660_36545670
14,06,female_correct,36546670_36548340,pouched+animals,r,y,MOT,MAN,MAN,OLF,FAN,NOF,+1,36548340_36549600
14,06,female_correct,36913360_36916560,bed,d,y,MOT,OLF,FAN,OLN,OLN,FAN,-1,36912360_36913360
14,06,female_correct,36913360_36916560,bed,d,y,MOT,FAN,OLN,OLN,FAN,OLN,-2,36912360_36913360
14,06,female_correct,36916560_36919100,wipe,q,n,MOT,OLN,OLN,FAN,OLN,FAN,0,36916560_36919100
14,06,female_correct,36919100_36924000,blanket,d,n,MOT,OLN,FAN,OLN,FAN,MAN,-1,36916560_36919100
14,06,female_correct,36925800_36926800,toy,i,y,MOT,MAN,MAN,FAN,NOF,FAN,0,36925800_36926800
14,06,female_correct,36932540_36933660,bed,d,n,MOT,OLF,OLF,FAN,SIL,NOF,0,36932540_36933660
14,06,female_correct,36945620_36946420,bed,q,y,MOT,FAN,FAN,OLN,NOF,SIL,-2,36944240_36945620
14,06,female_correct,36972420_36975270,eye,d,y,MOT,FAN,FAN,OLF,FAN,OLN,-2,36971270_36972420
14,06,female_correct,36998800_37000760,feet,r,y,MOT,NOF,NOF,FAN,OLF,NOF,0,36998800_37000760
14,06,female_correct,37002510_37006380,tail,r,y,MOT,NOF,NOF,FAN,FAN,MAN,0,37002510_37006380
14,06,female_correct,37002510_37006380,tail,r,y,MOT,NOF,FAN,FAN,MAN,FAN,0,37002510_37006380
14,06,female_correct,37006380_37007430,kangaroos,r,y,MOT,FAN,FAN,MAN,FAN,FAF,-2,37002510_37006380
14,06,female_correct,37540430_37541540,pillow,q,y,MOT,NOF,NOF,FAN,OLF,NOF,0,37540430_37541540
14,06,female_correct,37667630_37668830,dishes,q,n,MOT,FAN,FAN,OLN,SIL,SIL,-2,37666630_37667630
14,06,female_correct,37669630_37670860,dishes,q,n,MOT,SIL,SIL,FAN,NOF,OLF,0,37669630_37670860
14,06,female_correct,37673490_37676650,bed,q,n,MOT,OLF,OLF,FAN,OLN,CXN,0,37673490_37676650
14,06,female_correct,37681780_37683670,eye,d,n,MOT,OLN,OLN,FAN,OLN,FAN,0,37681780_37683670
14,06,female_correct,37710390_37713240,baby+toys,d,n,MOT,FAN,OLN,FAN,FAN,OLN,0,37710390_37713240
14,06,female_correct,37710390_37713240,baby+toys,d,n,MOT,OLN,FAN,FAN,OLN,CHN,0,37710390_37713240
14,06,female_correct,37713240_37714100,blocks,d,n,MOT,FAN,FAN,OLN,CHN,CHN,-2,37710390_37713240
14,06,female_correct,37714700_37715720,alphabet+blocks,d,n,MOT,CHN,CHN,FAN,OLN,NOF,0,37714700_37715720
14,06,female_correct,37772000_37773610,hair,q,y,MOT,FAN,CXF,FAN,FAN,OLN,0,37772000_37773610
14,06,female_correct,37772000_37773610,hair,q,y,MOT,CXF,FAN,FAN,OLN,NOF,0,37772000_37773610
14,06,female_correct,37773610_37776190,hair,q,y,MOT,FAN,FAN,OLN,NOF,OLN,-2,37772000_37773610
14,06,female_correct,37797320_37800510,bumbo,q,n,MOT,OLF,OLF,FAN,MAF,OLF,0,37797320_37800510
14,06,female_correct,37821560_37823130,bumbo,q,y,MOT,NOF,NOF,FAN,OLN,NOF,0,37821560_37823130
14,06,female_correct,37969870_37970950,back,q,n,MOT,FAN,FAN,OLN,NOF,OLN,-2,37968640_37969870
14,06,female_correct,38123950_38125370,turtle,d,y,MOT,OLF,OLF,FAN,OLF,OLF,0,38123950_38125370
14,06,female_correct,38377370_38378300,feet,i,y,MOT,FAN,FAN,OLF,FAN,NOF,-2,38376310_38377370
14,06,female_correct,38380300_38381660,feet,d,n,MOT,NOF,NOF,FAN,OLF,FAN,0,38380300_38381660
14,06,female_correct,38476220_38478220,feet,d,n,MOT,OLN,OLN,FAN,OLN,NOF,0,38476220_38478220
14,06,female_correct,39063890_39065200,towers,d,n,MOT,OLN,NOF,FAN,NOF,SIL,0,39063890_39065200
14,06,female_correct,39355890_39356890,water,d,y,MOT,OLF,OLF,MAN,MAN,FAF,+2,39356890_39357890
14,06,female_correct,39355890_39356890,water,d,y,MOT,OLF,MAN,MAN,FAF,NOF,+1,39356890_39357890
14,06,female_correct,39356890_39357890,water,q,y,MOT,MAN,MAN,FAF,NOF,OLN,0,39356890_39357890
14,06,female_correct,40172530_40175400,pants,q,n,MOT,OLF,OLF,NOF,FAF,NOF,+1,40175400_40176490
14,06,female_correct,40175400_40176490,foot,q,y,MOT,OLF,NOF,FAF,NOF,SIL,0,40175400_40176490
14,06,female_incorrect,20720_22590,diaper,q,n,MOT,SIL,SIL,OLF,CXF,SIL,0,20720_22590
14,06,female_incorrect,420260_421340,elderberry,d,n,MOT,NOF,NOF,MAF,NOF,SIL,0,420260_421340
14,06,female_incorrect,597470_598670,bib,d,y,MOT,SIL,SIL,OLF,NOF,OLF,0,597470_598670
14,06,female_incorrect,785000_785800,switch,d,n,MOT,SIL,OLN,NON,NON,OLF,0,785000_785800
14,06,female_incorrect,1513840_1515270,Olaf,d,y,MOT,NOF,NOF,MAN,CXN,CXN,0,1513840_1515270
14,06,female_incorrect,3210230_3211030,cupcakes,d,n,MOT,MAN,MAN,OLN,MAN,OLN,0,3210230_3211030
14,06,female_incorrect,3299820_3301260,bag,d,n,MOT,OLN,OLN,OLF,SIL,NOF,0,3299820_3301260
14,06,female_incorrect,4617570_4620080,ladybug,d,y,MOT,NOF,NOF,OLN,NON,OLN,0,4617570_4620080
14,06,female_incorrect,5300420_5302020,cameras,d,n,MOT,SIL,NOF,MAN,OLF,NOF,0,5300420_5302020
14,06,female_incorrect,5302020_5304240,hat,d,n,MOT,NOF,MAN,OLF,NOF,SIL,0,5302020_5304240
14,06,female_incorrect,6340010_6343620,buckle,d,y,MOT,CHN,CHN,OLN,NOF,SIL,0,6340010_6343620
14,06,female_incorrect,6845120_6846270,book,q,y,MOT,NON,NON,NOF,OLF,NOF,0,6845120_6846270
14,06,female_incorrect,7731890_7732750,foot,d,y,MOT,OLN,CXN,OLF,OLN,CHN,0,7731890_7732750
14,06,female_incorrect,9014100_9015230,paci,d,y,MOT,OLN,NOF,OLN,NOF,OLN,0,9014100_9015230
14,06,female_incorrect,9078160_9079810,stroller,n,y,MOT,NOF,OLN,NOF,SIL,NOF,0,9078160_9079810
14,06,female_incorrect,9103620_9105100,paci,q,y,MOT,OLN,CHN,OLN,NOF,NOF,0,9103620_9105100
14,06,female_incorrect,9109510_9110310,paci,i,y,MOT,OLF,OLF,CXN,NOF,OLF,0,9109510_9110310
14,06,female_incorrect,12684570_12686220,head,d,y,MOT,OLN,OLN,NOF,OLN,OLF,0,12684570_12686220
14,06,female_incorrect,13431440_13432320,ear,d,n,MOT,MAN,MAN,OLF,CXN,OLN,0,13431440_13432320
14,06,female_incorrect,13505170_13506170,farmer,s,n,MOT,OLN,CHN,CXN,OLN,CXN,0,13505170_13506170
14,06,female_incorrect,14443460_14444540,diaper,d,y,MOT,NOF,NOF,CXN,OLN,NOF,0,14443460_14444540
14,06,female_incorrect,16935020_16936680,backpacky,q,y,MOT,NOF,NOF,OLF,SIL,SIL,0,16935020_16936680
14,06,female_incorrect,17766820_17768100,flower,q,y,MOT,NOF,NOF,OLF,CXN,OLN,0,17766820_17768100
14,06,female_incorrect,18525670_18528060,hair,n,n,MOT,NOF,NOF,OLN,CXN,OLN,0,18525670_18528060
14,06,female_incorrect,19433110_19436430,bed,d,n,MOT,CHN,CHN,OLN,CHN,OLN,0,19433110_19436430
14,06,female_incorrect,20003180_20004250,block,n,n,MOT,NON,NON,OLN,CXN,CHN,0,20003180_20004250
14,06,female_incorrect,21201390_21202410,farmer,s,n,MOT,OLN,OLN,CXN,OLN,CHN,0,21201390_21202410
14,06,female_incorrect,21230320_21231380,Ariel,d,y,MOT,OLN,OLN,CHN,NOF,CXN,0,21230320_21231380
14,06,female_incorrect,21235430_21236120,Ariel,n,y,MOT,CHN,CHN,CHN,SIL,OLN,0,21235430_21236120
14,06,female_incorrect,21281880_21283050,box,i,y,MOT,OLF,OLF,CHN,NOF,NOF,0,21281880_21283050
14,06,female_incorrect,21467200_21470610,box,d,y,MOT,CXN,CXN,OLN,NOF,NOF,0,21467200_21470610
14,06,female_incorrect,21489290_21489470,box,q,y,MOT,CHN,CHN,CHN,NOF,NOF,0,21489290_21489470
14,06,female_incorrect,21493460_21495100,box,i,y,MOT,OLN,OLN,CXN,CXN,CXN,0,21493460_21495100
14,06,female_incorrect,21565250_21566460,box,s,y,MOT,NOF,CHN,CXN,CXN,CXN,0,21565250_21566460
14,06,female_incorrect,21566460_21567090,box,s,y,MOT,CHN,CXN,CXN,CXN,CXN,0,21566460_21567090
14,06,female_incorrect,21566460_21567090,box,s,y,MOT,CXN,CXN,CXN,CXN,CXN,0,21566460_21567090
14,06,female_incorrect,22110320_22111160,throw+up,q,y,MOT,NOF,NOF,OLN,NOF,OLN,0,22110320_22111160
14,06,female_incorrect,22111990_22117640,pillow,d,y,MOT,OLN,NOF,OLN,CXN,OLN,0,22111990_22117640
14,06,female_incorrect,22896250_22898320,head,i,y,MOT,OLN,CHN,CHN,OLN,OLN,0,22896250_22898320
14,06,female_incorrect,23237930_23238930,shirt,d,y,MOT,CHN,CHN,MAN,SIL,NOF,0,23237930_23238930
14,06,female_incorrect,25771830_25773390,finger,n,n,MOT,CHN,CHN,OLN,NOF,OLN,0,25771830_25773390
14,06,female_incorrect,26878220_26880610,jumper,q,y,MOT,NOF,NOF,OLF,NOF,CXN,0,26878220_26880610
14,06,female_incorrect,27053760_27056400,bath,q,n,MOT,CHN,CHN,OLN,NOF,CHN,0,27053760_27056400
14,06,female_incorrect,28051110_28054750,neck,d,n,MOT,CXN,CXN,OLN,CXN,OLN,0,28051110_28054750
14,06,female_incorrect,28477120_28479360,bread,q,n,MOT,NOF,NOF,OLN,NON,OLN,0,28477120_28479360
14,06,female_incorrect,28502270_28508390,fork,d,y,MOT,OLF,OLF,OLN,NON,OLN,0,28502270_28508390
14,06,female_incorrect,28745410_28747120,tires,d,n,MOT,TVN,TVN,MAN,NOF,NOF,0,28745410_28747120
14,06,female_incorrect,29095660_29096710,arm,d,y,MOT,OLN,OLN,MAN,MAN,OLN,0,29095660_29096710
14,06,female_incorrect,29095660_29096710,arm,d,y,MOT,OLN,MAN,MAN,OLN,NOF,0,29095660_29096710
14,06,female_incorrect,29426260_29427140,fort,q,n,MOT,CXN,CXN,OLF,CXN,CXN,0,29426260_29427140
14,06,female_incorrect,35523130_35523950,teeth,d,y,MOT,NOF,NOF,OLF,CHN,CHN,0,35523130_35523950
14,06,female_incorrect,35531140_35531940,foot,d,y,MOT,CHN,CHN,CXN,SIL,CHN,0,35531140_35531940
14,06,female_incorrect,36272670_36274660,hair,i,y,MOT,OLN,CHN,OLN,CHN,OLN,0,36272670_36274660
14,06,female_incorrect,36534060_36535060,marsupials,r,y,MOT,OLN,OLN,MAN,NOF,NOF,0,36534060_36535060
14,06,female_incorrect,38128630_38129640,bird,n,y,MOT,OLF,OLN,MAN,MAN,OLN,0,38128630_38129640
14,06,female_incorrect,38128630_38129640,bird,n,y,MOT,OLN,MAN,MAN,OLN,CXN,0,38128630_38129640
14,06,child_correct,539990_541080,eye,d,y,SIS,SIL,CXN,NOF,CXN,NOF,-1,537940_539990
14,06,child_correct,544420_545420,bakers,s,n,SIS,CXN,CXN,FAN,NOF,NOF,-2,543520_544420
14,06,child_correct,562120_563130,cake,d,n,SIS,CHN,CHN,FAN,SIL,NOF,-2,561550_561690
14,06,child_correct,573680_574680,virus,d,n,SIS,CHN,CHN,FAN,CHN,CHN,-2,572520_573360
14,06,child_correct,661260_662060,diaper,n,n,SIS,CXN,CXN,FAN,OLN,NOF,-2,660570_661260
14,06,child_correct,1237350_1239130,nose,d,n,SIS,OLF,OLF,CXN,SIL,FAF,0,1237350_1239130
14,06,child_correct,1253660_1254810,Olaf,d,y,SIS,NOF,NOF,CXN,NOF,SIL,0,1253660_1254810
14,06,child_correct,1269270_1271000,snowman,d,n,SIS,CXN,CXN,FAN,FAN,OLF,-2,1266960_1268370
14,06,child_correct,1327280_1328360,owl,q,y,SIS,SIL,SIL,CXN,OLN,FAN,0,1327280_1328360
14,06,child_correct,1367470_1368280,rattle,n,y,SIS,CXN,OLN,CXN,CXN,CXN,0,1367470_1368280
14,06,child_correct,1369140_1369940,baby+rattle,n,y,SIS,CXN,CXN,CXN,CXN,CHN,0,1369140_1369940
14,06,child_correct,1369140_1369940,baby+rattle,n,y,SIS,CXN,CXN,CXN,CHN,CHN,0,1369140_1369940
14,06,child_correct,1384150_1386430,tooth,d,n,SIS,OLN,OLN,CXN,NOF,FAN,0,1384150_1386430
14,06,child_correct,1501040_1502010,Olaf,n,y,SIS,CHN,CHN,CXN,CXN,CHN,0,1501040_1502010
14,06,child_correct,1501040_1502010,Olaf,n,y,SIS,CHN,CXN,CXN,CHN,CHN,0,1501040_1502010
14,06,child_correct,1502010_1502270,Olaf,n,y,SIS,CXN,CXN,CHN,CHN,OLN,0,1502010_1502270
14,06,child_correct,1502270_1503170,Olaf,n,y,SIS,CXN,CHN,CHN,OLN,OLN,0,1502270_1503170
14,06,child_correct,1503970_1504570,Olaf,n,y,SIS,OLN,OLN,CXN,CXN,OLN,0,1503970_1504570
14,06,child_correct,1503970_1504570,Olaf,n,y,SIS,OLN,CXN,CXN,OLN,NOF,0,1503970_1504570
14,06,child_correct,1504570_1505390,Olaf,n,y,SIS,CXN,CXN,OLN,NOF,OLN,-2,1503970_1504570
14,06,child_correct,1515270_1516860,carrot,i,y,SIS,NOF,MAN,CXN,CXN,OLN,0,1515270_1516860
14,06,child_correct,1515270_1516860,carrot,i,y,SIS,MAN,CXN,CXN,OLN,CXN,0,1515270_1516860
14,06,child_correct,1516860_1517720,carrot,i,y,SIS,CXN,CXN,OLN,CXN,CXN,-2,1515270_1516860
14,06,child_correct,1517720_1518930,carrot,i,y,SIS,CXN,OLN,CXN,CXN,OLN,0,1517720_1518930
14,06,child_correct,1517720_1518930,carrot,i,y,SIS,OLN,CXN,CXN,OLN,NOF,0,1517720_1518930
14,06,child_correct,1518930_1523690,carrot,i,y,SIS,CXN,CXN,OLN,NOF,NOF,-2,1517720_1518930
14,06,child_correct,1526430_1529920,rattle,q,y,SIS,CXN,CXN,NOF,SIL,NOF,-2,1525190_1526430
14,06,child_correct,1631930_1633540,rattle,d,y,SIS,NOF,OLN,CHN,NOF,OLN,0,1631930_1633540
14,06,child_correct,1635120_1636280,handle,i,y,SIS,CHN,NOF,OLN,OLN,CHN,-2,1631930_1633540
14,06,child_correct,1635120_1636280,handle,i,y,SIS,NOF,OLN,OLN,CHN,CHN,+1,1636280_1637100
14,06,child_correct,1637100_1637950,handle,q,y,SIS,CHN,CHN,OLN,NOF,OLN,-2,1636280_1637100
14,06,child_correct,1645620_1646910,rattle,s,y,SIS,NOF,OLN,CHN,CHN,FAN,0,1645620_1646910
14,06,child_correct,1648040_1649650,rattle,s,y,SIS,CHN,FAN,OLN,CHN,FAN,-2,1646910_1647030
14,06,child_correct,1978820_1979810,face,q,y,SIS,NOF,CHN,OLF,NOF,CHN,-1,1977390_1978820
14,06,child_correct,1981510_1983400,face,q,y,SIS,CHN,CHN,OLN,NON,OLN,-2,1980910_1981220
14,06,child_correct,2095890_2098100,mirror,i,n,SIS,CHN,CHN,FAN,OLN,MAN,-2,2095800_2095890
14,06,child_correct,2343400_2344720,choo+choo+train,n,y,SIS,OLN,OLF,CXN,NOF,OLF,0,2343400_2344720
14,06,child_correct,2511300_2514290,tag+blanky,s,y,SIS,NOF,NOF,CXN,CXN,OLN,0,2511300_2514290
14,06,child_correct,2511300_2514290,tag+blanky,s,y,SIS,NOF,CXN,CXN,OLN,OLF,0,2511300_2514290
14,06,child_correct,2514290_2515210,tag+blanky,s,y,SIS,CXN,CXN,OLN,OLF,OLN,-2,2511300_2514290
14,06,child_correct,2516910_2517670,tag+blank,n,y,SIS,OLN,OLN,CXN,CXN,CXN,0,2516910_2517670
14,06,child_correct,2516910_2517670,tag+blank,n,y,SIS,OLN,CXN,CXN,CXN,CXN,0,2516910_2517670
14,06,child_correct,2517670_2518630,tag+blanket,n,y,SIS,CXN,CXN,CXN,CXN,OLN,0,2517670_2518630
14,06,child_correct,2517670_2518630,tag+blanket,n,y,SIS,CXN,CXN,CXN,OLN,NOF,0,2517670_2518630
14,06,child_correct,2518630_2520560,tag+blanket,n,y,SIS,CXN,CXN,OLN,NOF,NOF,-2,2517670_2518630
14,06,child_correct,2707870_2709070,socks,d,n,SIS,OLF,CXN,OLN,OLN,CXN,-1,2707070_2707870
14,06,child_correct,2707870_2709070,socks,d,n,SIS,CXN,OLN,OLN,CXN,OLN,-2,2707070_2707870
14,06,child_correct,2719570_2720640,shirt,d,n,SIS,OLN,CXN,FAN,OLN,NOF,-1,2718770_2719570
14,06,child_correct,2723100_2724100,shirt,d,n,SIS,OLN,NOF,FAN,SIL,CHN,+2,2724900_2725350
14,06,child_correct,2726380_2727720,socks,d,y,SIS,CHN,OLN,CXN,CHN,CHN,0,2726380_2727720
14,06,child_correct,2757170_2757980,shirt,s,n,SIS,OLN,OLN,CXN,OLN,OLN,0,2757170_2757980
14,06,child_correct,2758780_2760400,shirt,s,n,SIS,OLN,OLN,CXN,SIL,SIL,0,2758780_2760400
14,06,child_correct,2761200_2763400,sock,d,y,SIS,SIL,SIL,CXN,OLN,SIL,0,2761200_2763400
14,06,child_correct,2779340_2780190,blocks,d,n,SIS,CXN,CXN,CXF,CXN,OLF,0,2779340_2780190
14,06,child_correct,2882520_2883590,balloon,d,n,SIS,OLN,OLN,CXN,OLN,NOF,0,2882520_2883590
14,06,child_correct,2892620_2893680,pony,d,n,SIS,CXN,CXN,CXN,OLF,FAF,0,2892620_2893680
14,06,child_correct,2899580_2901920,tutu,n,n,SIS,SIL,SIL,CXN,CXN,CXN,0,2899580_2901920
14,06,child_correct,2899580_2901920,tutu,n,n,SIS,SIL,CXN,CXN,CXN,CXN,0,2899580_2901920
14,06,child_correct,2901920_2903610,tutu,n,n,SIS,CXN,CXN,CXN,CXN,CXN,0,2901920_2903610
14,06,child_correct,2901920_2903610,tutu,n,n,SIS,CXN,CXN,CXN,CXN,SIL,0,2901920_2903610
14,06,child_correct,2903610_2904480,tutu+head,q,n,SIS,CXN,CXN,CXN,SIL,NOF,0,2903610_2904480
14,06,child_correct,2982120_2983120,foot,q,n,SIS,CXN,CXN,CXN,OLF,OLF,0,2982120_2983120
14,06,child_correct,4013580_4015800,rabbit,d,n,SIS,CXN,CXN,CXN,SIL,FAN,0,4013580_4015800
14,06,child_correct,4041130_4042270,seal,d,n,SIS,OLF,OLF,CXN,CHF,CHF,0,4041130_4042270
14,06,child_correct,4042900_4043700,seals,d,n,SIS,CHF,CHF,CXN,OLN,CHN,0,4042900_4043700
14,06,child_correct,4987950_4989840,fish+tank,d,n,SIS,OLN,OLN,CXN,OLN,CHN,0,4987950_4989840
14,06,child_correct,5069580_5072160,top,d,n,SIS,SIL,SIL,CXN,CHF,CHF,0,5069580_5072160
14,06,child_correct,5105020_5106380,spoon,d,y,SIS,CXN,CXN,FAN,NOF,FAF,-2,5103150_5105020
14,06,child_correct,5121690_5122830,spoon,d,y,SIS,OLF,CXN,FAN,OLF,SIL,-1,5120860_5121690
14,06,child_correct,5146170_5148640,spoon,d,y,SIS,CHN,CHN,CXN,CHN,CHN,0,5146170_5148640
14,06,child_correct,5149650_5150670,hair,d,y,SIS,CHN,CHN,FAN,SIL,NOF,-2,5148640_5148880
14,06,child_correct,5187690_5189190,tummy,d,n,SIS,CXN,CXN,OLN,NOF,OLF,-2,5186700_5187690
14,06,child_correct,5260480_5261920,penis,d,n,SIS,SIL,SIL,CXN,CXN,FAN,0,5260480_5261920
14,06,child_correct,5274420_5275320,recorder,n,n,SIS,SIL,OLF,CXN,OLN,NOF,0,5274420_5275320
14,06,child_correct,5275320_5276490,recorder,n,n,SIS,OLF,CXN,OLN,NOF,SIL,-1,5274420_5275320
14,06,child_correct,6985050_6986970,cow,r,n,SIS,NOF,NOF,OLN,CXN,NOF,+1,6986970_6987570
14,06,child_correct,6989430_6990870,sheep,r,n,SIS,NOF,NOF,CXN,CXN,OLF,0,6989430_6990870
14,06,child_correct,6994840_6996070,pigs,r,n,SIS,CXN,CXN,OLF,CXN,CXN,-2,6993600_6994840
14,06,child_correct,7010720_7011940,pigs,r,n,SIS,CHN,CHN,CXN,CXN,SIL,0,7010720_7011940
14,06,child_correct,7021420_7023360,rhinos,r,n,SIS,SIL,SIL,CXN,CXN,SIL,0,7021420_7023360
14,06,child_correct,7026540_7027540,dogs,r,n,SIS,CXN,CXN,CXN,CHN,CHN,0,7026540_7027540
14,06,child_correct,7032760_7033550,dogs,r,n,SIS,CXN,CXN,FAN,CXN,CXN,-2,7031150_7032760
14,06,child_correct,7036790_7037810,cats,r,n,SIS,SIL,SIL,CXN,CXN,NOF,0,7036790_7037810
14,06,child_correct,7039330_7042450,cats,r,n,SIS,NOF,NOF,CXN,CHN,CHN,0,7039330_7042450
14,06,child_correct,7046630_7047830,horses,r,n,SIS,SIL,SIL,CXN,SIL,CXN,0,7046630_7047830
14,06,child_correct,7052390_7053310,duck,r,n,SIS,CXN,CXN,CXN,SIL,SIL,0,7052390_7053310
14,06,child_correct,7129440_7130540,teddy+bear,r,n,SIS,SIL,SIL,CXN,CXN,OLN,0,7129440_7130540
14,06,child_correct,7129440_7130540,teddy+bear,r,n,SIS,SIL,CXN,CXN,OLN,CXN,0,7129440_7130540
14,06,child_correct,7130540_7131400,dog,r,n,SIS,CXN,CXN,OLN,CXN,CHN,-2,7129440_7130540
14,06,child_correct,7131400_7132420,cat,r,n,SIS,CXN,OLN,CXN,CHN,CHN,0,7131400_7132420
14,06,child_correct,7219890_7220960,book,n,y,SIS,CHN,CHN,CXN,NOF,CHN,0,7219890_7220960
14,06,child_correct,7247540_7248460,picture,i,y,SIS,CHN,CHN,OLN,CHN,CXN,-2,7246650_7247540
14,06,child_correct,7250160_7252830,book,n,y,SIS,CHN,CXN,CXN,SIL,CXN,0,7250160_7252830
14,06,child_correct,7253630_7254670,book,d,y,SIS,CXN,SIL,CXN,CXN,OLN,0,7253630_7254670
14,06,child_correct,7253630_7254670,book,d,y,SIS,SIL,CXN,CXN,OLN,CXN,0,7253630_7254670
14,06,child_correct,7254670_7255620,book,d,y,SIS,CXN,CXN,OLN,CXN,CXN,-2,7253630_7254670
14,06,child_correct,7255620_7256730,gloves,d,y,SIS,CXN,OLN,CXN,CXN,CXN,0,7255620_7256730
14,06,child_correct,7320750_7323350,sock+monkey,n,y,SIS,CHN,CHN,CXN,CXN,CXN,0,7320750_7323350
14,06,child_correct,7320750_7323350,sock+monkey,n,y,SIS,CHN,CXN,CXN,CXN,OLN,0,7320750_7323350
14,06,child_correct,7323350_7326030,sock+monkey,n,y,SIS,CXN,CXN,CXN,OLN,OLN,0,7323350_7326030
14,06,child_correct,7327870_7328670,sock+monkey,n,y,SIS,OLN,OLN,CXN,NOF,OLF,0,7327870_7328670
14,06,child_correct,7333430_7334860,sock+monkey,n,y,SIS,OLF,OLF,CXN,CXN,OLN,0,7333430_7334860
14,06,child_correct,7333430_7334860,sock+monkey,n,y,SIS,OLF,CXN,CXN,OLN,CXN,0,7333430_7334860
14,06,child_correct,7334860_7335660,sock+monkey,n,y,SIS,CXN,CXN,OLN,CXN,CXN,-2,7333430_7334860
14,06,child_correct,7335660_7336660,sock+monkey,n,y,SIS,CXN,OLN,CXN,CXN,OLN,0,7335660_7336660
14,06,child_correct,7335660_7336660,sock+monkey,n,y,SIS,OLN,CXN,CXN,OLN,CXN,0,7335660_7336660
14,06,child_correct,7336660_7338210,sock+monkey,n,y,SIS,CXN,CXN,OLN,CXN,CXN,-2,7335660_7336660
14,06,child_correct,7338210_7339470,sock+monkey,n,y,SIS,CXN,OLN,CXN,CXN,OLN,0,7338210_7339470
14,06,child_correct,7338210_7339470,sock+monkey,n,y,SIS,OLN,CXN,CXN,OLN,CXN,0,7338210_7339470
14,06,child_correct,7339470_7340470,sock+monkey,n,y,SIS,CXN,CXN,OLN,CXN,CXN,-2,7338210_7339470
14,06,child_correct,7340470_7342320,sock+monkey,n,y,SIS,CXN,OLN,CXN,CXN,CXN,0,7340470_7342320
14,06,child_correct,7340470_7342320,sock+monkey,n,y,SIS,OLN,CXN,CXN,CXN,CXN,0,7340470_7342320
14,06,child_correct,7342320_7345430,sock+monkey,n,y,SIS,CXN,CXN,CXN,CXN,OLN,0,7342320_7345430
14,06,child_correct,7342320_7345430,sock+monkey,n,y,SIS,CXN,CXN,CXN,OLN,CXN,0,7342320_7345430
14,06,child_correct,7345430_7346570,sock+monkey,n,y,SIS,CXN,CXN,OLN,CXN,CXN,-2,7342320_7345430
14,06,child_correct,7346570_7347370,sock+monkey,n,y,SIS,CXN,OLN,CXN,CXN,OLN,0,7346570_7347370
14,06,child_correct,7346570_7347370,sock+monkey,n,y,SIS,OLN,CXN,CXN,OLN,NOF,0,7346570_7347370
14,06,child_correct,7347370_7349690,sock+monkey,n,y,SIS,CXN,CXN,OLN,NOF,OLF,-2,7346570_7347370
14,06,child_correct,7351690_7353930,sock+monkey,n,y,SIS,OLF,OLF,CXN,SIL,NOF,0,7351690_7353930
14,06,child_correct,7387460_7388760,balloon,n,y,SIS,NOF,NOF,OLN,CXN,CXN,+1,7388760_7389370
14,06,child_correct,7389370_7394110,balloony,n,y,SIS,CXN,CXN,OLN,CHN,CHN,-2,7388760_7389370
14,06,child_correct,7404640_7405640,sock+monkey,n,y,SIS,CHN,CHN,CXN,CHN,CHN,0,7404640_7405640
14,06,child_correct,7406240_7407330,sock+monkey,n,y,SIS,CHN,CHN,CXN,CXN,OLN,0,7406240_7407330
14,06,child_correct,7406240_7407330,sock+monkey,n,y,SIS,CHN,CXN,CXN,OLN,CHN,0,7406240_7407330
14,06,child_correct,7407330_7408890,sock+monkey,n,y,SIS,CXN,CXN,OLN,CHN,CHN,-2,7406240_7407330
14,06,child_correct,7408890_7409890,sock+monkey,n,y,SIS,CXN,OLN,CHN,CHN,OLN,0,7408890_7409890
14,06,child_correct,7408890_7409890,sock+monkey,n,y,SIS,OLN,CHN,CHN,OLN,CXN,0,7408890_7409890
14,06,child_correct,7409890_7410880,sock+monkey,n,y,SIS,CHN,CHN,OLN,CXN,CXN,-2,7408890_7409890
14,06,child_correct,7410880_7412550,sock+monkey,n,y,SIS,CHN,OLN,CXN,CXN,CXN,0,7410880_7412550
14,06,child_correct,7410880_7412550,sock+monkey,n,y,SIS,OLN,CXN,CXN,CXN,CXN,0,7410880_7412550
14,06,child_correct,7412550_7413570,sock+monkey,n,y,SIS,CXN,CXN,CXN,CXN,OLN,0,7412550_7413570
14,06,child_correct,7412550_7413570,sock+monkey,n,y,SIS,CXN,CXN,CXN,OLN,NOF,0,7412550_7413570
14,06,child_correct,7413570_7415400,sock+monkey,n,y,SIS,CXN,CXN,OLN,NOF,NOF,-2,7412550_7413570
14,06,child_correct,7416480_7418290,sock+monkey,n,y,SIS,NOF,NOF,CXN,CXN,CXN,0,7416480_7418290
14,06,child_correct,7416480_7418290,sock+monkey,n,y,SIS,NOF,CXN,CXN,CXN,CXN,0,7416480_7418290
14,06,child_correct,7418290_7419830,sock+monkey,n,y,SIS,CXN,CXN,CXN,CXN,CXN,0,7418290_7419830
14,06,child_correct,7418290_7419830,sock+monkey,n,y,SIS,CXN,CXN,CXN,CXN,OLF,0,7418290_7419830
14,06,child_correct,7419830_7421300,sock+monkey,n,y,SIS,CXN,CXN,CXN,OLF,OLF,0,7419830_7421300
14,06,child_correct,7422190_7423200,sock+monkey,n,y,SIS,OLF,OLF,CXN,CXN,CXN,0,7422190_7423200
14,06,child_correct,7422190_7423200,sock+monkey,n,y,SIS,OLF,CXN,CXN,CXN,CXN,0,7422190_7423200
14,06,child_correct,7423200_7424960,sock+monkey,n,y,SIS,CXN,CXN,CXN,CXN,OLN,0,7423200_7424960
14,06,child_correct,7423200_7424960,sock+monkey,n,y,SIS,CXN,CXN,CXN,OLN,CXN,0,7423200_7424960
14,06,child_correct,7424960_7425760,sock+monkey,n,y,SIS,CXN,CXN,OLN,CXN,CXN,-2,7423200_7424960
14,06,child_correct,7425760_7427220,sock+monkey,n,y,SIS,CXN,OLN,CXN,CXN,OLN,0,7425760_7427220
14,06,child_correct,7425760_7427220,sock+monkey,n,y,SIS,OLN,CXN,CXN,OLN,CXN,0,7425760_7427220
14,06,child_correct,7427220_7428960,sock+monkey,n,y,SIS,CXN,CXN,OLN,CXN,CXN,-2,7425760_7427220
14,06,child_correct,7428960_7429760,sock+monkey,n,y,SIS,CXN,OLN,CXN,CXN,CXN,0,7428960_7429760
14,06,child_correct,7430450_7431580,sock+monkey,n,y,SIS,CXN,CXN,CXN,CXN,CXN,0,7430450_7431580
14,06,child_correct,7430450_7431580,sock+monkey,n,y,SIS,CXN,CXN,CXN,CXN,CXN,0,7430450_7431580
14,06,child_correct,7431580_7432510,sock+monkey,n,y,SIS,CXN,CXN,CXN,CXN,CHN,0,7431580_7432510
14,06,child_correct,7431580_7432510,sock+monkey,n,y,SIS,CXN,CXN,CXN,CHN,CXN,0,7431580_7432510
14,06,child_correct,7432510_7433850,sock+monkey,n,y,SIS,CXN,CXN,CHN,CXN,CXN,0,7432510_7433850
14,06,child_correct,7433850_7434680,sock+monkey,n,y,SIS,CXN,CHN,CXN,CXN,CXN,0,7433850_7434680
14,06,child_correct,7433850_7434680,sock+monkey,n,y,SIS,CHN,CXN,CXN,CXN,OLF,0,7433850_7434680
14,06,child_correct,7434680_7436410,sock+monkey,n,y,SIS,CXN,CXN,CXN,OLF,CXN,0,7434680_7436410
14,06,child_correct,7439780_7441670,sock+monkey,d,y,SIS,CXN,CXN,CXN,CXN,CXN,0,7439780_7441670
14,06,child_correct,7442460_7443900,sock+monkey,n,y,SIS,CXN,CXN,CXN,CXN,SIL,0,7442460_7443900
14,06,child_correct,7445670_7446730,sock+monkey,n,y,SIS,SIL,SIL,CXN,CXN,CXN,0,7445670_7446730
14,06,child_correct,7445670_7446730,sock+monkey,n,y,SIS,SIL,CXN,CXN,CXN,OLF,0,7445670_7446730
14,06,child_correct,7446730_7447530,sock+monkey,n,y,SIS,CXN,CXN,CXN,OLF,OLF,0,7446730_7447530
14,06,child_correct,7448450_7450570,sock+monkey,n,y,SIS,OLF,OLF,CXN,OLN,OLN,0,7448450_7450570
14,06,child_correct,7451690_7452490,sock+monkey,n,y,SIS,OLN,OLN,CXN,CXN,CXN,0,7451690_7452490
14,06,child_correct,7451690_7452490,sock+monkey,n,y,SIS,OLN,CXN,CXN,CXN,CXN,0,7451690_7452490
14,06,child_correct,7453580_7454230,sock+monkey,n,y,SIS,CXN,CXN,CXN,OLF,OLF,0,7453580_7454230
14,06,child_correct,7455070_7456180,sock+monkey,n,y,SIS,OLF,OLF,CXN,CXN,CXN,0,7455070_7456180
14,06,child_correct,7455070_7456180,sock+monkey,n,y,SIS,OLF,CXN,CXN,CXN,CXN,0,7455070_7456180
14,06,child_correct,7456180_7457390,sock+monkey,n,y,SIS,CXN,CXN,CXN,CXN,CXN,0,7456180_7457390
14,06,child_correct,7456180_7457390,sock+monkey,n,y,SIS,CXN,CXN,CXN,CXN,SIL,0,7456180_7457390
14,06,child_correct,7457390_7458260,sock+monkey,n,y,SIS,CXN,CXN,CXN,SIL,CXN,0,7457390_7458260
14,06,child_correct,7470250_7471050,sock+monkey,n,y,SIS,OLF,OLF,CXN,CXN,OLN,0,7470250_7471050
14,06,child_correct,7470250_7471050,sock+monkey,n,y,SIS,OLF,CXN,CXN,OLN,NOF,0,7470250_7471050
14,06,child_correct,7471050_7473560,sock+monkey,n,y,SIS,CXN,CXN,OLN,NOF,CXN,-2,7470250_7471050
14,06,child_correct,7494300_7496750,treetops,s,n,SIS,OLN,OLN,CXN,CXN,OLN,0,7494300_7496750
14,06,child_correct,7494300_7496750,treetops,s,n,SIS,OLN,CXN,CXN,OLN,NOF,0,7494300_7496750
14,06,child_correct,7496750_7500690,cradle,s,n,SIS,CXN,CXN,OLN,NOF,NOF,-2,7494300_7496750
14,06,child_correct,7501490_7503910,cradle,s,n,SIS,NOF,NOF,OLN,CHN,OLN,+1,7503910_7504970
14,06,child_correct,7506970_7509530,cradle,s,n,SIS,CXN,CXN,OLN,OLF,CXN,-2,7505940_7506970
14,06,child_correct,7514260_7516230,star,s,n,SIS,OLN,CXN,OLN,CXN,OLN,-1,7513010_7514260
14,06,child_correct,7525450_7526440,diamond,s,n,SIS,CHN,CHN,OLN,CXN,CXN,-2,7524330_7524880
14,06,child_correct,7531290_7534340,star,s,n,SIS,OLN,CXN,OLN,CHN,OLN,-1,7529610_7531290
14,06,child_correct,7610110_7611030,sock+monkey,n,y,SIS,CHN,CHN,CHN,NOF,SIL,0,7610110_7611030
14,06,child_correct,7634730_7636010,sock+monkey,n,y,SIS,OLF,OLF,CXN,CXN,OLF,0,7634730_7636010
14,06,child_correct,7634730_7636010,sock+monkey,n,y,SIS,OLF,CXN,CXN,OLF,SIL,0,7634730_7636010
14,06,child_correct,7636010_7636820,sock+monkey,n,y,SIS,CXN,CXN,OLF,SIL,SIL,-2,7634730_7636010
14,06,child_correct,7638010_7640570,sock+monkey,n,y,SIS,SIL,SIL,OLN,CXN,OLF,+1,7640570_7641410
14,06,child_correct,7646490_7647680,sock+monkey,n,y,SIS,SIL,SIL,CXN,CXN,CXN,0,7646490_7647680
14,06,child_correct,7646490_7647680,sock+monkey,n,y,SIS,SIL,CXN,CXN,CXN,CHN,0,7646490_7647680
14,06,child_correct,7647680_7649310,monkey,n,y,SIS,CXN,CXN,CXN,CHN,CHN,0,7647680_7649310
14,06,child_correct,7650880_7651680,noggin,n,y,SIS,SIL,SIL,CXN,CXN,CXN,0,7650880_7651680
14,06,child_correct,7650880_7651680,noggin,n,y,SIS,SIL,CXN,CXN,CXN,MAF,0,7650880_7651680
14,06,child_correct,7651680_7652880,noggin,n,y,SIS,CXN,CXN,CXN,MAF,MAF,0,7651680_7652880
14,06,child_correct,7653840_7654640,noggin,n,n,SIS,MAF,MAF,CXN,SIL,SIL,0,7653840_7654640
14,06,child_correct,7658300_7659220,noggin,n,n,SIS,SIL,SIL,CXN,NOF,NOF,0,7658300_7659220
14,06,child_correct,7666700_7667510,noggin,n,n,SIS,NOF,NOF,CXN,NOF,NOF,0,7666700_7667510
14,06,child_correct,7668400_7669200,noggin,n,n,SIS,NOF,NOF,CXN,OLF,OLF,0,7668400_7669200
14,06,child_correct,7670030_7670830,noggin,n,n,SIS,OLF,OLF,CXN,NOF,OLF,0,7670030_7670830
14,06,child_correct,7784620_7785720,macaroni+and+cheese,n,n,SIS,FAN,FAN,CXN,OLF,OLF,0,7784620_7785720
14,06,child_correct,9338650_9340400,sock+monkey,n,n,SIS,CHN,CHN,CXN,CXF,CXF,0,9338650_9340400
14,06,child_correct,9341200_9345090,sock+monkey,n,n,SIS,CXF,CXF,CXN,OLN,CXN,0,9341200_9345090
14,06,child_correct,9353540_9355240,sock+monkey,n,n,SIS,CHN,CHN,CXN,OLN,CHN,0,9353540_9355240
14,06,child_correct,9366520_9367320,sock+monkey,n,n,SIS,OLF,OLF,CXN,FAN,SIL,0,9366520_9367320
14,06,child_correct,9567540_9569380,juice,d,n,SIS,CXN,CXN,OLN,FAN,OLN,-2,9566300_9567540
14,06,child_correct,9576490_9577690,liquid,d,n,SIS,CXN,CXN,OLN,CXN,CXN,-2,9575690_9576490
14,06,child_correct,9578660_9579660,bottle,d,n,SIS,CXN,CXN,CXN,OLN,NOF,0,9578660_9579660
14,06,child_correct,12940590_12942510,farmer,s,n,SIS,NON,NON,CXN,CXN,CXN,0,12940590_12942510
14,06,child_correct,12943140_12944500,farmer,s,n,SIS,CXN,CXN,CXN,CXN,CXN,0,12943140_12944500
14,06,child_correct,12947860_12950060,farmer,s,n,SIS,CHN,CHN,CXN,FAN,CXN,0,12947860_12950060
14,06,child_correct,12950060_12951350,farmer,s,n,SIS,CHN,CXN,FAN,CXN,SIL,-2,12947220_12947860
14,06,child_correct,12953270_12954380,farmer,s,n,SIS,CXN,SIL,CXN,CXN,CXN,0,12953270_12954380
14,06,child_correct,12958990_12960030,farmer,s,n,SIS,CXN,CXN,CXN,OLF,CXN,0,12958990_12960030
14,06,child_correct,12971430_12972250,cats,s,n,SIS,CXN,CXN,CXN,CXN,CXN,0,12971430_12972250
14,06,child_correct,12973480_12974800,cat,s,n,SIS,CXN,CXN,CXN,CXN,CXN,0,12973480_12974800
14,06,child_correct,12976270_12977200,dog,s,n,SIS,CXN,CXN,CXN,CXN,CXN,0,12976270_12977200
14,06,child_correct,12977800_12979190,dog,s,n,SIS,CXN,CXN,CXN,CHN,CHN,0,12977800_12979190
14,06,child_correct,12983120_12984010,dog,s,n,SIS,OLN,CHN,CXN,FAN,TVF,0,12983120_12984010
14,06,child_correct,12984010_12985130,dog,s,n,SIS,CHN,CXN,FAN,TVF,CXN,-2,12982440_12983120
14,06,child_correct,12985930_12986870,cat,s,n,SIS,FAN,TVF,CXN,FAF,FAF,0,12985930_12986870
14,06,child_correct,12987960_12989290,cat,s,n,SIS,FAF,FAF,CXN,CXN,CXN,0,12987960_12989290
14,06,child_correct,12989290_12990470,dog,s,n,SIS,FAF,CXN,CXN,CXN,CXN,0,12989290_12990470
14,06,child_correct,12990470_12992770,cat,s,n,SIS,CXN,CXN,CXN,CXN,NON,0,12990470_12992770
14,06,child_correct,12994580_12996100,farmer,s,n,SIS,CXN,NON,CXN,OLN,CXN,0,12994580_12996100
14,06,child_correct,12997740_12998610,dog,s,n,SIS,OLN,CXN,OLN,CXN,OLN,-1,12996940_12997740
14,06,child_correct,12998610_12999530,cat,s,n,SIS,CXN,OLN,CXN,OLN,CXN,0,12998610_12999530
14,06,child_correct,12999530_13000330,cat,s,n,SIS,OLN,CXN,OLN,CXN,CXN,-1,12998610_12999530
14,06,child_correct,13001490_13002090,rat,s,n,SIS,OLN,CXN,CXN,CXN,CXN,0,13001490_13002090
14,06,child_correct,13002090_13002890,cat,s,n,SIS,CXN,CXN,CXN,CXN,CXN,0,13002090_13002890
14,06,child_correct,13002890_13003630,rat,s,n,SIS,CXN,CXN,CXN,CXN,CXN,0,13002890_13003630
14,06,child_correct,13006250_13007970,cat,s,n,SIS,CXN,CXN,OLN,SIL,CXN,-2,13005280_13006250
14,06,child_correct,13007970_13008850,rat,s,n,SIS,CXN,OLN,SIL,CXN,CXN,-2,13005280_13006250
14,06,child_correct,13011800_13012440,rat,s,n,SIS,CXN,SIL,FAN,CXN,CXN,-2,13010110_13010910
14,06,child_correct,13016030_13018260,rat,s,n,SIS,CXN,TVF,CXN,SIL,FAN,0,13016030_13018260
14,06,child_correct,13049810_13051260,recorder,n,n,SIS,NOF,NOF,CHN,CHN,CXN,0,13049810_13051260
14,06,child_correct,13049810_13051260,recorder,n,n,SIS,NOF,CHN,CHN,CXN,CHN,0,13049810_13051260
14,06,child_correct,13051260_13052420,recorder,n,n,SIS,CHN,CHN,CXN,CHN,OLN,0,13051260_13052420
14,06,child_correct,13296720_13297590,dog,s,n,SIS,OLN,OLN,CXN,OLF,OLF,0,13296720_13297590
14,06,child_correct,13298550_13299710,dog,s,n,SIS,OLF,OLF,CXN,NOF,OLN,0,13298550_13299710
14,06,child_correct,13488610_13489480,farmer,i,n,SIS,FAN,FAN,CXN,CXN,OLN,0,13488610_13489480
14,06,child_correct,13488610_13489480,farmer,i,n,SIS,FAN,CXN,CXN,OLN,FAN,0,13488610_13489480
14,06,child_correct,13489480_13490280,farmer,i,n,SIS,CXN,CXN,OLN,FAN,FAN,-2,13488610_13489480
14,06,child_correct,13501620_13502420,farmer,d,n,SIS,CXN,CXN,CXN,CXN,OLN,0,13501620_13502420
14,06,child_correct,13702280_13703080,dominos,n,y,SIS,CHN,CHN,CXN,CHF,CHF,0,13702280_13703080
14,06,child_correct,14667660_14668590,block,n,y,SIS,OLN,OLN,CHN,CHN,CHN,0,14667660_14668590
14,06,child_correct,14668900_14669820,block,n,y,SIS,CHN,CHN,CHN,OLN,CHN,0,14668900_14669820
14,06,child_correct,14867170_14868530,neck,d,n,SIS,OLN,OLN,FAN,CXN,FAN,+1,14868530_14869360
14,06,child_correct,14888020_14889320,legs,d,n,SIS,CXN,CXN,FAN,FAN,OLN,-2,14886950_14888020
14,06,child_correct,14888020_14889320,legs,d,n,SIS,CXN,FAN,FAN,OLN,CXN,-2,14886950_14888020
14,06,child_correct,14889320_14890900,legs,d,n,SIS,FAN,FAN,OLN,CXN,OLF,+1,14890900_14891500
14,06,child_correct,17030410_17030820,couch,d,n,SIS,OLN,OLN,CHN,CHN,FAN,0,17030410_17030820
14,06,child_correct,17038220_17039690,knife,s,n,SIS,OLN,OLN,CXN,FAN,CHF,0,17038220_17039690
14,06,child_correct,17054740_17055800,bread,s,n,SIS,CXN,CXN,FAN,CXN,CXN,-2,17054110_17054740
14,06,child_correct,17056450_17057250,windows,s,n,SIS,CXN,CXN,CXN,CHN,CHN,0,17056450_17057250
14,06,child_correct,17058870_17060340,locks,s,n,SIS,CHN,CHN,NOF,CHN,CHN,-2,17057250_17058870
14,06,child_correct,17217320_17218440,flowers,n,n,SIS,NOF,CXN,CXN,OLF,FAN,0,17217320_17218440
14,06,child_correct,17223170_17225260,flowers,d,n,SIS,NOF,OLN,FAN,MAF,CXN,+2,17226060_17226660
14,06,child_correct,17229780_17231380,pipe+cleaners,d,n,SIS,MAN,SIL,CXN,CXN,FAN,0,17229780_17231380
14,06,child_correct,17235740_17236490,paint,d,n,SIS,CXN,CXN,CXN,FAN,FAN,0,17235740_17236490
14,06,child_correct,17236490_17241730,pipe+cleaners,d,n,SIS,CXN,CXN,FAN,FAN,CXN,-2,17234670_17235740
14,06,child_correct,17311250_17312290,pipe+cleaners,n,n,SIS,CXN,SIL,FAN,SIL,FAN,-2,17309620_17310450
14,06,child_correct,18452860_18453790,stinger,d,n,SIS,CXN,OLN,CXN,FAN,OLN,0,18452860_18453790
14,06,child_correct,18454660_18456680,eye,d,n,SIS,CXN,FAN,OLN,CXN,FAN,-2,18452860_18453790
14,06,child_correct,18474060_18475330,stinger,d,n,SIS,NOF,CHN,OLN,FAN,NON,-1,18473460_18474060
14,06,child_correct,18475330_18476700,eyeball,d,n,SIS,CHN,OLN,FAN,NON,OLF,-2,18473460_18474060
14,06,child_correct,18531990_18533220,paci,i,y,SIS,OLN,CXN,OLN,NON,CXN,-1,18531390_18531990
14,06,child_correct,19146560_19150410,domino,s,n,SIS,CHN,CHN,CHN,CXN,CHN,0,19146560_19150410
14,06,child_correct,19152960_19154160,domino,s,n,SIS,NON,NON,CXN,OLN,CXN,0,19152960_19154160
14,06,child_correct,19985400_19988960,Rapunzel,s,n,SIS,CHN,CHN,OLN,CHN,CHN,-2,19984760_19985400
14,06,child_correct,19989650_19990550,hair,s,n,SIS,CHN,CHN,CXN,CHN,CHN,0,19989650_19990550
14,06,child_correct,19997390_19998390,bear,s,n,SIS,CHN,CHN,FAN,NOF,OLN,-2,19996790_19997390
14,06,child_correct,20000960_20001760,block,q,n,SIS,OLN,OLN,CXN,CXN,NON,0,20000960_20001760
14,06,child_correct,20153880_20155150,rattle,d,y,SIS,CXN,CXN,CXN,NON,OLN,0,20153880_20155150
14,06,child_correct,20307700_20309160,playground,d,y,SIS,SIL,NOF,CXN,OLN,CHN,0,20307700_20309160
14,06,child_correct,20337550_20338620,block,d,n,SIS,SIL,NOF,CXN,CXN,CHN,0,20337550_20338620
14,06,child_correct,20337550_20338620,block,d,n,SIS,NOF,CXN,CXN,CHN,CHN,0,20337550_20338620
14,06,child_correct,20339020_20339380,block,n,n,SIS,CXN,CHN,CHN,CXN,NOF,0,20339020_20339380
14,06,child_correct,20339380_20340520,block,n,n,SIS,CHN,CHN,CXN,NOF,CHF,0,20339380_20340520
14,06,child_correct,21000620_21001420,rat,s,n,SIS,OLN,OLN,CXN,NON,OLN,0,21000620_21001420
14,06,child_correct,21003050_21004130,rat,s,n,SIS,OLN,OLN,CXN,OLN,NON,0,21003050_21004130
14,06,child_correct,21007220_21008150,rat,s,n,SIS,OLN,OLN,CXN,CXN,OLN,0,21007220_21008150
14,06,child_correct,21019240_21020040,hands,s,n,SIS,OLN,OLN,CXN,NON,CXN,0,21019240_21020040
14,06,child_correct,21034120_21037640,hand,s,n,SIS,CHN,CHN,CXN,SIL,NOF,0,21034120_21037640
14,06,child_correct,21267660_21268460,Ariel,d,n,SIS,OLF,OLF,OLN,CXN,CXN,+1,21268460_21269430
14,06,child_correct,21269430_21270240,Tiana,d,n,SIS,CXN,CXN,OLN,FAN,SIL,-2,21268460_21269430
14,06,child_correct,21295080_21296110,Tiana,d,n,SIS,CXN,CXN,OLN,CXN,NOF,-2,21293440_21295080
14,06,child_correct,21304700_21305500,Aurora,d,n,SIS,CXN,CXN,FAF,MAN,NOF,-2,21303560_21304700
14,06,child_correct,21330730_21331540,Tiana,n,n,SIS,FAN,FAN,CXN,NOF,OLF,0,21330730_21331540
14,06,child_correct,21369760_21372940,Belle,d,n,SIS,FAN,FAN,OLN,CXN,FAN,+1,21372940_21373740
14,06,child_correct,21372940_21373740,Snow+White,d,n,SIS,FAN,OLN,CXN,FAN,OLN,0,21372940_21373740
14,06,child_correct,21438560_21438900,farmer,s,n,SIS,CHN,CHN,CHN,CHN,CHN,0,21438560_21438900
14,06,child_correct,21438900_21439700,farmer,s,n,SIS,CHN,CHN,CHN,CHN,CHN,0,21438900_21439700
14,06,child_correct,21471410_21472680,farmer,s,n,SIS,NOF,NOF,CHN,FAN,CHN,0,21471410_21472680
14,06,child_correct,21478190_21479240,Tiana,d,n,SIS,CXN,CXN,CHN,NOF,FAN,0,21478190_21479240
14,06,child_correct,21502350_21504110,box,d,y,SIS,OLN,CXN,OLF,CXN,CXN,-1,21501330_21502350
14,06,child_correct,21510130_21511390,farmer,s,n,SIS,OLN,OLN,CXN,OLN,FAN,0,21510130_21511390
14,06,child_correct,21524240_21525650,Tiana,d,n,SIS,OLN,OLN,CXN,NOF,CXN,0,21524240_21525650
14,06,child_correct,21527820_21529890,Rapunzel,d,n,SIS,CXN,CXN,FAN,FAF,OLN,-2,21527020_21527820
14,06,child_correct,21542500_21543300,farmer,s,n,SIS,OLN,OLN,CXN,OLN,FAN,0,21542500_21543300
14,06,child_correct,21567090_21567990,mouth,s,n,SIS,CXN,CXN,CXN,CXN,OLN,0,21567090_21567990
14,06,child_correct,21567090_21567990,mouth,s,n,SIS,CXN,CXN,CXN,OLN,OLF,0,21567090_21567990
14,06,child_correct,21580040_21581670,farmer,s,n,SIS,NOF,NOF,CXN,FAN,FAN,0,21580040_21581670
14,06,child_correct,21592200_21593040,Tiana,d,n,SIS,CXN,CXN,OLN,FAN,OLN,-2,21589930_21592200
14,06,child_correct,21600820_21602630,box,d,y,SIS,CXN,CXN,OLF,FAN,OLN,-2,21600020_21600820
14,06,child_correct,21788160_21789730,princess,d,n,SIS,OLN,OLN,CXN,CXN,CXN,0,21788160_21789730
14,06,child_correct,23236270_23236880,boob,d,n,SIS,CHN,CHN,CHN,CHN,CHN,0,23236270_23236880
14,06,child_correct,25312420_25313740,tree,i,y,SIS,SIL,CXN,CXN,NOF,FAN,0,25312420_25313740
14,06,child_correct,25361030_25362260,bee,n,y,SIS,TVF,TVF,CXN,CXN,CXN,0,25361030_25362260
14,06,child_correct,25361030_25362260,bee,n,y,SIS,TVF,CXN,CXN,CXN,CXN,0,25361030_25362260
14,06,child_correct,25362260_25363780,bee,n,y,SIS,CXN,CXN,CXN,CXN,CXN,0,25362260_25363780
14,06,child_correct,25364670_25365760,bumblebee,n,y,SIS,CXN,CXN,CXN,FAN,SIL,0,25364670_25365760
14,06,child_correct,25371610_25373040,bee,n,y,SIS,CXN,CXN,FAN,NOF,CXN,-2,25369630_25371610
14,06,child_correct,25499590_25500380,newspaper,d,n,SIS,FAN,FAN,CXN,FAN,NOF,0,25499590_25500380
14,06,child_correct,25635440_25636450,broccoli,d,n,SIS,OLN,OLN,CXN,NOF,OLN,0,25635440_25636450
14,06,child_correct,26924280_26925630,water,n,y,SIS,OLF,OLF,CHN,CXN,CHN,0,26924280_26925630
14,06,child_correct,26957550_26959430,diaper,n,n,SIS,OLN,CHN,OLN,OLN,CXN,-1,26956940_26957550
14,06,child_correct,26957550_26959430,diaper,n,n,SIS,CHN,OLN,OLN,CXN,OLN,-2,26956940_26957550
14,06,child_correct,26959430_26960430,dipey+dipe,n,n,SIS,OLN,OLN,CXN,OLN,FAN,0,26959430_26960430
14,06,child_correct,26994140_26994960,hands,d,n,SIS,FAN,FAN,CXN,NOF,SIL,0,26994140_26994960
14,06,child_correct,27162800_27163520,hair,i,y,SIS,OLN,OLN,CHN,CHN,CHN,0,27162800_27163520
14,06,child_correct,27162800_27163520,hair,i,y,SIS,OLN,CHN,CHN,CHN,CHN,0,27162800_27163520
14,06,child_correct,27164280_27164800,hair,i,y,SIS,CHN,CHN,CHN,OLN,OLF,0,27164280_27164800
14,06,child_correct,28517030_28518990,fork,d,y,SIS,CXN,CXN,OLN,CXN,CXN,-2,28516230_28517030
14,06,child_correct,28519830_28520640,plate,d,y,SIS,CXN,CXN,OLN,NOF,CXF,-2,28518990_28519830
14,06,child_correct,28702310_28708270,mushrooms,d,n,SIS,CXN,CXN,OLN,FAN,NOF,-2,28701410_28702310
14,06,child_correct,29151330_29152660,pretzel,n,n,SIS,NOF,NOF,CXN,FAN,OLN,0,29151330_29152660
14,06,child_correct,29607240_29609960,fort,q,n,SIS,NOF,CHN,OLN,CXN,OLN,-1,29605440_29607240
14,06,child_correct,29877570_29878430,pillows,q,n,SIS,CXN,CXN,OLF,NOF,OLN,-2,29876670_29877570
14,06,child_correct,34985910_34988710,train+track,d,n,SIS,OLF,OLF,FAN,NOF,CXN,+2,34990220_34990820
14,06,child_correct,35010810_35012310,TNT,q,n,SIS,FAN,FAN,CXN,CXN,FAN,0,35010810_35012310
14,06,child_correct,35010810_35012310,TNT,q,n,SIS,FAN,CXN,CXN,FAN,FAN,0,35010810_35012310
14,06,child_correct,35014630_35015430,TNT,n,n,SIS,FAN,FAN,CXN,FAF,FAF,0,35014630_35015430
14,06,child_correct,35868550_35869600,neck,d,n,SIS,CXN,CXN,CXN,NOF,NOF,0,35868550_35869600
14,06,child_correct,35870400_35873470,neck,d,n,SIS,NOF,FAN,FAN,OLN,CXN,+2,35874810_35875710
14,06,child_correct,35942850_35944250,eyes,d,n,SIS,CXN,FAN,CXN,OLN,FAN,0,35942850_35944250
14,06,child_correct,36050010_36051030,slingshot,d,y,SIS,CXN,CXN,FAN,NOF,OLN,-2,36049280_36050010
14,06,child_correct,36130010_36133030,water,d,n,SIS,OLN,CXN,OLN,NOF,OLN,-1,36129030_36130010
14,06,child_correct,36168230_36169310,bug+bite,d,n,SIS,CHN,CHN,FAN,FAN,OLN,-2,36167250_36168150
14,06,child_correct,36168230_36169310,bug+bite,d,n,SIS,CHN,FAN,FAN,OLN,FAN,-2,36168150_36168230
14,06,child_correct,36226510_36227970,recorder+belly,q,y,SIS,CXN,CXN,OLN,CHN,CHN,-2,36225700_36226510
14,06,child_correct,36228570_36230630,recorder+belly,q,y,SIS,CHN,CHN,OLN,FAN,FAN,-2,36227970_36228570
14,06,child_correct,36230630_36236070,recorder+belly,n,y,SIS,CHN,OLN,FAN,FAN,CXN,-2,36227970_36228570
14,06,child_correct,36230630_36236070,recorder+belly,n,y,SIS,OLN,FAN,FAN,CXN,NOF,+1,36231630_36232750
14,06,child_correct,36231630_36232750,recorder+belly,n,n,SIS,FAN,FAN,CXN,NOF,NOF,0,36231630_36232750
14,06,child_correct,36233600_36235900,belly,q,y,SIS,NOF,NOF,FAN,FAN,CXN,+2,36235900_36238370
14,06,child_correct,36233600_36235900,belly,q,y,SIS,NOF,FAN,FAN,CXN,NOF,+1,36235900_36238370
14,06,child_correct,36235900_36238370,belly,q,y,SIS,FAN,FAN,CXN,NOF,CXN,0,36235900_36238370
14,06,child_correct,36300620_36301610,teacher,d,n,SIS,OLN,OLN,CXN,CXN,FAN,0,36300620_36301610
14,06,child_correct,36300620_36301610,teacher,d,n,SIS,OLN,CXN,CXN,FAN,FAN,0,36300620_36301610
14,06,child_correct,36302210_36304280,students,d,n,SIS,FAN,FAN,OLN,NOF,CXN,+2,36305080_36305940
14,06,child_incorrect,219230_220090,firework,n,n,SIS,SIL,SIL,FAN,SIL,NOF,0,219230_220090
14,06,child_incorrect,1540670_1541590,rattle,d,y,SIS,FAN,FAN,OLN,NOF,SIL,0,1540670_1541590
14,06,child_incorrect,2521460_2523360,tag+blanky,n,y,SIS,NOF,NOF,OLN,NOF,OLN,0,2521460_2523360
14,06,child_incorrect,2963260_2964840,foot,d,y,SIS,OLN,OLN,NOF,OLF,MAF,0,2963260_2964840
14,06,child_incorrect,2984150_2986280,foot,q,y,SIS,OLF,OLF,FAN,NOF,OLN,0,2984150_2986280
14,06,child_incorrect,5168930_5170200,yogurt,d,y,SIS,OLF,OLF,OLN,FAN,FAN,0,5168930_5170200
14,06,child_incorrect,5171620_5172930,face,d,n,SIS,FAN,FAN,NOF,FAN,FAN,0,5171620_5172930
14,06,child_incorrect,5228950_5231480,yogurt,d,y,SIS,FAN,FAN,FAN,MAN,SIL,0,5228950_5231480
14,06,child_incorrect,5281560_5282820,recorder,d,n,SIS,FAN,FAN,OLF,MAN,FAN,0,5281560_5282820
14,06,child_incorrect,5294490_5296420,recorder+belly,d,n,SIS,SIL,NOF,FAN,SIL,NOF,0,5294490_5296420
14,06,child_incorrect,7357930_7360170,sock+monkey,n,y,SIS,NOF,NOF,OLN,NOF,NOF,0,7357930_7360170
14,06,child_incorrect,7655440_7656440,noggin,n,n,SIS,SIL,SIL,FAN,NOF,SIL,0,7655440_7656440
14,06,child_incorrect,7660400_7661560,noggin,n,n,SIS,NOF,NOF,OLN,NOF,NOF,0,7660400_7661560
14,06,child_incorrect,7663290_7665780,noggin,n,n,SIS,NOF,NOF,OLN,NOF,NOF,0,7663290_7665780
14,06,child_incorrect,13676730_13677360,blocks,d,n,SIS,FAN,FAN,FAN,FAN,OLN,0,13676730_13677360
14,06,child_incorrect,14877750_14878750,neck,d,n,SIS,OLN,OLN,FAN,OLF,FAN,0,14877750_14878750
14,06,child_incorrect,17175970_17179230,hand,i,y,SIS,NOF,FAN,FAN,NOF,OLN,0,17175970_17179230
14,06,child_incorrect,17200800_17201650,craft,n,n,SIS,FAN,MAN,OLN,FAN,NOF,0,17200800_17201650
14,06,child_incorrect,18545150_18547060,bowl,q,y,SIS,OLN,OLN,FAN,OLF,NOF,0,18545150_18547060
14,06,child_incorrect,18712290_18713260,gloves,d,y,SIS,NOF,NOF,OLN,NOF,OLN,0,18712290_18713260
14,06,child_incorrect,21325120_21327950,farmer,s,n,SIS,FAN,NOF,OLN,MAN,FAN,0,21325120_21327950
14,06,child_incorrect,23231560_23232930,legs,d,n,SIS,FAN,FAN,FAN,NOF,MAN,0,23231560_23232930
14,06,child_incorrect,25301540_25302540,shirt,d,y,SIS,SIL,FAN,FAN,FAN,FAN,0,25301540_25302540
14,06,child_incorrect,25303140_25306050,shirt,d,y,SIS,FAN,FAN,FAN,FAN,FAN,0,25303140_25306050
14,06,child_incorrect,25315280_25316360,tree,d,y,SIS,NOF,FAN,FAN,SIL,FAN,0,25315280_25316360
14,06,child_incorrect,25548870_25551700,flowers,n,n,SIS,SIL,SIL,OLN,NOF,OLN,0,25548870_25551700
14,06,child_incorrect,25622920_25624040,broccoli,n,n,SIS,FAN,FAN,OLN,FAN,FAN,0,25622920_25624040
14,06,child_incorrect,28682160_28683040,bacon,d,n,SIS,NOF,FAN,OLN,OLN,NOF,0,28682160_28683040
14,06,child_incorrect,28682160_28683040,bacon,d,n,SIS,FAN,OLN,OLN,NOF,OLN,0,28682160_28683040
14,06,child_incorrect,34686210_34687040,horse,d,n,SIS,FAN,FAN,FAN,FAN,FAF,0,34686210_34687040
14,06,child_incorrect,34752460_34753480,sheep,n,n,SIS,FAN,FAN,TVF,FAN,TVF,0,34752460_34753480
14,06,child_incorrect,34753480_34756200,sheepy,n,n,SIS,FAN,TVF,FAN,TVF,FAF,0,34753480_34756200
14,06,child_incorrect,34866030_34867100,sheepy,i,n,SIS,SIL,SIL,FAN,NOF,TVF,0,34866030_34867100
14,06,child_incorrect,34998990_35002980,tunnel,d,n,SIS,OLF,OLF,FAN,OLN,FAF,0,34998990_35002980
14,06,child_incorrect,35133280_35134470,cart,d,n,SIS,OLN,OLN,FAN,OLN,NON,0,35133280_35134470
14,06,child_incorrect,35148430_35151410,TNT,d,n,SIS,OLF,OLF,OLN,NOF,OLN,0,35148430_35151410
14,06,child_incorrect,35761370_35762370,socks,d,n,SIS,NOF,NOF,FAN,NOF,FAF,0,35761370_35762370
14,06,child_incorrect,35870400_35873470,neck,d,n,SIS,NOF,NOF,FAN,FAN,OLN,0,35870400_35873470
14,06,child_incorrect,36122050_36124010,doggy,d,y,SIS,FAN,FAN,FAN,FAN,NOF,0,36122050_36124010
14,06,child_incorrect,36122050_36124010,doggy,d,y,SIS,FAN,FAN,FAN,NOF,OLN,0,36122050_36124010
14,06,child_incorrect,36124010_36124990,mouth,d,n,SIS,FAN,FAN,NOF,OLN,OLN,0,36124010_36124990
14,06,child_incorrect,36125820_36126950,nose,d,n,SIS,OLN,OLN,FAN,FAN,NOF,0,36125820_36126950
14,06,child_incorrect,36125820_36126950,nose,d,n,SIS,OLN,FAN,FAN,NOF,OLN,0,36125820_36126950
14,06,child_incorrect,36169310_36173360,bug+bite,n,n,SIS,FAN,FAN,OLN,FAN,OLN,0,36169310_36173360
14,06,child_incorrect,36281560_36282880,recorder,d,n,SIS,OLN,OLN,FAN,OLN,OLN,0,36281560_36282880
14,06,child_incorrect,36311310_36315160,librarian,d,n,SIS,OLN,FAN,FAN,OLF,FAN,0,36311310_36315160
14,06,child_incorrect,36321210_36321810,joey,n,y,SIS,OLF,OLF,FAN,FAN,OLF,0,36321210_36321810
14,06,child_incorrect,36321210_36321810,joey,n,y,SIS,OLF,FAN,FAN,OLF,FAN,0,36321210_36321810
14,06,child_incorrect,36859700_36860730,joey,d,y,SIS,OLN,OLN,FAN,OLF,OLF,0,36859700_36860730
14,06,child_incorrect,36862730_36864630,joey,d,y,SIS,OLF,OLF,FAN,OLF,FAN,0,36862730_36864630
14,06,artificial_correct,949250_950070,elephant,d,n,TOY,CXN,CXN,CXN,TVN,OLN,+1,950070_951190
14,06,artificial_correct,1056380_1061330,parrot,d,n,TOY,FAN,FAN,OLN,TVF,NOF,+1,1061330_1062340
14,06,artificial_correct,2173780_2175200,zoo,d,n,TOY,FAN,FAN,OLF,TVN,CXN,+1,2175200_2176390
14,06,artificial_correct,2177990_2180150,beach,d,n,TOY,TVN,TVN,FAN,MAN,FAN,-2,2176990_2177990
14,06,artificial_correct,2389630_2390450,panda+bear,n,n,TOY,OLN,OLN,CXN,TVN,CXN,+1,2390450_2391450
14,06,artificial_correct,2422380_2423240,parrot,d,y,TOY,CXN,CXN,OLN,TVN,OLN,+1,2423240_2424240
14,06,artificial_correct,2502190_2502990,animals,s,n,TOY,OLN,OLN,CXN,OLN,TVN,+2,2504830_2505830
14,06,artificial_incorrect,837430_838830,world,d,y,TOY,CXN,CXN,OLN,MAN,OLN,0,837430_838830
14,06,artificial_incorrect,842960_843960,koala,d,n,TOY,OLN,OLN,CXN,MAN,OLN,0,842960_843960
14,06,artificial_incorrect,847880_848880,kangaroo,d,n,TOY,OLN,OLN,FAN,MAN,OLN,0,847880_848880
14,06,artificial_incorrect,853160_863230,waters,s,n,TOY,CXN,CXN,OLN,CHN,CHN,0,853160_863230
14,06,artificial_incorrect,870680_871670,pigs,s,n,TOY,FAN,FAN,OLN,FAN,FAN,0,870680_871670
14,06,artificial_incorrect,880820_885260,tiger,d,n,TOY,CXN,CXN,OLN,MAN,OLN,0,880820_885260
14,06,artificial_incorrect,892970_894380,crocodile,d,n,TOY,OLN,OLN,FAN,MAN,CXN,0,892970_894380
14,06,artificial_incorrect,897670_901260,bear,d,n,TOY,CXN,CXN,OLN,MAF,OLF,0,897670_901260
14,06,artificial_incorrect,918060_918910,pigs,s,n,TOY,FAN,FAN,OLN,FAN,MAN,0,918060_918910
14,06,artificial_incorrect,925260_927240,parrots,d,n,TOY,MAN,MAN,CXN,OLN,CXN,0,925260_927240
14,06,artificial_incorrect,930010_931240,snake,d,n,TOY,OLN,OLN,FAN,MAF,SIL,0,930010_931240
14,06,artificial_incorrect,936510_938620,pigs,s,n,TOY,MAN,MAN,OLN,FAN,OLN,0,936510_938620
14,06,artificial_incorrect,953370_954170,giraffe,d,n,TOY,FAN,FAN,CXN,OLN,CXN,0,953370_954170
14,06,artificial_incorrect,965520_966570,pigs,s,n,TOY,MAN,MAN,FAN,FAN,OLN,0,965520_966570
14,06,artificial_incorrect,965520_966570,pigs,s,n,TOY,MAN,FAN,FAN,OLN,CXN,0,965520_966570
14,06,artificial_incorrect,979110_980330,car,d,n,TOY,FAN,FAN,OLN,CXN,OLN,0,979110_980330
14,06,artificial_incorrect,986190_988940,ball,s,n,TOY,OLN,MAN,OLN,OLN,CXN,0,986190_988940
14,06,artificial_incorrect,986190_988940,ball,s,n,TOY,MAN,OLN,OLN,CXN,MAN,0,986190_988940
14,06,artificial_incorrect,988940_990210,animals,s,n,TOY,OLN,OLN,CXN,MAN,OLN,0,988940_990210
14,06,artificial_incorrect,1004170_1006820,fox,d,n,TOY,CXN,CXN,OLN,CXN,CXN,0,1004170_1006820
14,06,artificial_incorrect,1008170_1010020,mountain+goat,d,n,TOY,CXN,CXN,OLN,CXN,CHF,0,1008170_1010020
14,06,artificial_incorrect,1017940_1018800,pigs,s,n,TOY,FAN,FAN,OLN,FAN,FAN,0,1017940_1018800
14,06,artificial_incorrect,1033150_1034650,plane,d,n,TOY,FAN,OLN,FAN,OLN,FAN,0,1033150_1034650
14,06,artificial_incorrect,1040180_1041350,ball,s,n,TOY,MAN,OLN,FAN,OLN,OLN,0,1040180_1041350
14,06,artificial_incorrect,1042200_1043200,animals,s,n,TOY,OLN,OLN,FAN,MAN,OLN,0,1042200_1043200
14,06,artificial_incorrect,2120100_2121190,owl,n,n,TOY,CXN,CXN,CXN,SIL,NOF,0,2120100_2121190
14,06,artificial_incorrect,2124460_2125290,zoo,d,n,TOY,FAN,FAN,CXN,OLF,CXN,0,2124460_2125290
14,06,artificial_incorrect,2126160_2127160,duck,n,n,TOY,CXN,OLF,CXN,OLF,CXN,0,2126160_2127160
14,06,artificial_incorrect,2128150_2129720,monkey,n,n,TOY,CXN,OLF,CXN,SIL,CXN,0,2128150_2129720
14,06,artificial_incorrect,2130760_2131570,dolphin,n,n,TOY,CXN,SIL,CXN,NOF,CXN,0,2130760_2131570
14,06,artificial_incorrect,2132510_2133510,puppy,n,n,TOY,CXN,NOF,CXN,SIL,CXN,0,2132510_2133510
14,06,artificial_incorrect,2134380_2135390,puppy,n,n,TOY,CXN,SIL,CXN,CXN,CHN,0,2134380_2135390
14,06,artificial_incorrect,2135390_2136270,dolphin,n,n,TOY,SIL,CXN,CXN,CHN,CHN,0,2135390_2136270
14,06,artificial_incorrect,2366740_2378960,fox,d,n,TOY,FAN,FAN,OLN,CHN,OLN,0,2366740_2378960
14,06,artificial_incorrect,2385270_2386180,tiger,n,n,TOY,OLN,OLN,CXN,OLN,CHN,0,2385270_2386180
14,06,artificial_incorrect,2402540_2403540,crocodile,d,n,TOY,OLN,OLN,CXN,CXN,OLN,0,2402540_2403540
14,06,artificial_incorrect,2402540_2403540,crocodile,d,n,TOY,OLN,CXN,CXN,OLN,MAN,0,2402540_2403540
14,06,artificial_incorrect,2407410_2409950,bear,n,n,TOY,FAN,FAN,OLN,MAN,OLF,0,2407410_2409950
14,06,artificial_incorrect,2425420_2426220,snake,d,y,TOY,OLN,OLN,CXN,OLF,CXN,0,2425420_2426220
14,06,artificial_incorrect,2429220_2431180,water,s,n,TOY,CXN,CXN,OLN,MAN,MAN,0,2429220_2431180
14,06,artificial_incorrect,2432300_2435930,penguin,n,n,TOY,MAN,MAN,OLN,MAN,CXN,0,2432300_2435930
14,06,artificial_incorrect,2438770_2439580,whale,n,n,TOY,OLN,OLN,CXN,MAN,OLF,0,2438770_2439580
14,06,artificial_incorrect,2448230_2450280,koala,d,n,TOY,MAN,MAN,OLN,MAN,OLN,0,2448230_2450280
14,06,artificial_incorrect,2453770_2454940,kangaroo,n,n,TOY,OLN,OLN,CXN,MAN,OLN,0,2453770_2454940
14,06,artificial_incorrect,2464950_2471550,penguin,d,n,TOY,MAN,MAN,OLN,CXN,OLN,0,2464950_2471550
14,06,artificial_incorrect,2471550_2472350,whale,d,n,TOY,MAN,OLN,CXN,OLN,OLF,0,2471550_2472350
14,06,artificial_incorrect,2478620_2480790,pigs,s,n,TOY,MAF,MAF,OLN,FAN,OLN,0,2478620_2480790
14,06,artificial_incorrect,2492400_2498270,car,d,n,TOY,FAN,FAN,OLN,MAN,OLN,0,2492400_2498270
14,06,artificial_incorrect,2499270_2502190,ball,s,n,TOY,OLN,MAN,OLN,OLN,CXN,0,2499270_2502190
14,06,artificial_incorrect,2499270_2502190,ball,s,n,TOY,MAN,OLN,OLN,CXN,OLN,0,2499270_2502190
14,06,overlap_correct,21567990_21570140,mouth,s,n,MIS,CXN,CXN,OLN,OLF,TVF,0,21567990_21570140
14,06,overlap_correct,25638950_25640030,broccoli,n,n,MIS,OLN,OLN,FAN,OLN,FAN,-2,25638050_25638950
