tier,word,utterance_type,object_present,speaker,timestamp,basic_level
*FAF,ant,d,n,MOT,45498480_45499480,ant
*TVN,antenna,d,y,MOT,37733640_37736250,antenna
*CXN,arms,d,y,MOT,2891060_2892060,arm
*OLN,arms,i,y,MOT,44756830_44759330,arm
*OLN,arms,i,y,MOT,44801770_44803300,arm
*FAN,arms,d,n,MOT,44924700_44925850,arm
*FAN,arms,d,n,MOT,44929570_44932010,arm
*FAN,babies,d,n,MOT,2680860_2685790,baby
*FAN,baby,d,n,MOT,847970_849750,baby
*FAN,baby,d,n,MOT,923610_924830,baby
*FAF,baby,d,n,MOT,1876330_1878620,baby
*OLN,baby,d,n,MOT,2690880_2692070,baby
*FAN,baby,d,n,MOT,2692870_2693870,baby
*FAN,baby,q,n,MOT,5220900_5222380,baby
*FAN,baby,q,n,MOT,12491820_12493360,baby
*FAN,baby,q,n,MOT,12531770_12532800,baby
*FAN,baby,d,y,MOT,12536420_12538080,baby
*FAN,baby,q,n,MOT,12569130_12570780,baby
*FAN,baby,d,n,MOT,12668730_12671610,baby
*FAN,baby,d,n,MOT,13038990_13040690,baby
*FAN,baby,d,n,MOT,16849700_16850940,baby
*FAN,baby,d,n,MOT,16863630_16864990,baby
*CXN,baby,d,n,MOT,23189840_23190960,baby
*FAN,baby,n,y,MOT,25134140_25135480,baby
*FAN,baby,d,y,MOT,26766480_26769150,baby
*FAN,baby,d,y,MOT,26804790_26806270,baby
*CHN,baby,d,y,MOT,27333470_27334470,baby
*CHN,baby,q,n,MOT,27353750_27354800,baby
*CHN,baby,d,y,MOT,27356140_27357180,baby
*FAN,baby,n,n,MOT,35661380_35662800,baby
*FAN,baby,d,n,MOT,35661380_35662800,baby
*FAN,baby,d,y,MOT,36530120_36531120,baby
*FAN,baby,d,y,MOT,36555600_36557610,baby
*FAN,baby,i,y,MOT,36555600_36557610,baby
*OLN,baby,i,y,MOT,36557610_36558410,baby
*FAN,baby,q,y,MOT,36560150_36563810,baby
*FAN,baby,i,y,MOT,36560150_36563810,baby
*FAN,baby,n,y,MOT,36701610_36702740,baby
*FAN,baby,q,y,MOT,36711630_36712330,baby
*FAN,baby,q,y,MOT,36712330_36713690,baby
*FAN,baby,q,y,MOT,36717430_36719030,baby
*FAN,baby,n,y,MOT,36720400_36722650,baby
*FAN,baby,d,y,MOT,36787250_36790070,baby
*FAN,baby,q,y,MOT,36798720_36801960,baby
*FAN,baby,q,y,MOT,36814710_36815750,baby
*FAN,baby,d,n,MOT,42902160_42905050,baby
*OLN,baby,d,y,MOT,46454240_46455040,baby
*FAN,baby,d,n,MOT,47233300_47236010,baby
*FAN,baby,d,n,MOT,47290080_47292840,baby
*FAN,baby+doll,q,y,MOT,36720400_36722650,baby
*FAN,back,q,y,MOT,24923380_24925350,back
*CHN,back,d,n,MOT,46118370_46118970,back
*FAN,bag,d,n,MOT,37325860_37326980,bag
*FAN,bag,d,n,MOT,37329250_37330420,bag
*FAN,bagel,d,n,MOT,9842060_9843190,bagel
*FAN,bagel,d,n,MOT,9844610_9845860,bagel
*FAN,ball,q,y,MOT,3857990_3859400,ball
*FAN,ball,n,y,MOT,35652450_35653930,ball
*FAN,ball,d,y,MOT,36290320_36292540,ball
*FAN,balls,d,y,MOT,39721980_39725250,ball
*FAN,banana,d,n,MOT,35602300_35603970,banana
*FAN,banana,d,n,MOT,35605490_35607050,banana
*FAN,banana,d,n,MOT,35850200_35853040,banana
*FAN,banana,n,n,MOT,35854160_35855160,banana
*FAN,bananas,d,y,MOT,35612160_35613550,banana
*FAN,bananas,d,y,MOT,35615030_35616520,banana
*FAN,bananas,d,y,MOT,35628930_35630900,banana
*FAN,basket,d,y,MOT,26468570_26470020,basket
*FAN,basket,d,y,MOT,26485290_26486680,basket
*FAN,basket,d,y,MOT,26491670_26493890,basket
*FAN,bath,d,n,MOT,17019970_17021490,bath
*FAN,bath,n,n,MOT,17022450_17023100,bath
*FAN,bath,n,n,MOT,17025110_17027530,bath
*OLN,bath,q,n,MOT,42757970_42758840,bath
*FAN,bath,d,n,MOT,45344110_45345230,bath
*FAN,bath,d,n,MOT,45778080_45780130,bath
*FAN,bath,d,n,MOT,45780940_45783450,bath
*CHN,bath,d,n,MOT,46171220_46172090,bath
*OLN,bath,s,y,MOT,46234460_46239880,bath
*FAN,bath,q,n,MOT,49865740_49866640,bath
*FAN,bathing+suits,d,y,MOT,26943580_26944650,bathing+suit
*FAN,baths,d,n,MOT,517740_519560,bath
*FAN,bay,s,n,MTV,46387990_46394050,bay
*FAN,bay,s,n,MTV,46387990_46394050,bay
*OLN,bay,s,n,MTV,46407490_46408290,bay
*FAN,bay,s,n,MTV,46426660_46430610,bay
*FAN,bay,s,n,MTV,46444430_46449530,bay
*FAN,bay,s,n,MTV,46444430_46449530,bay
*FAN,bay,s,n,MTV,46462180_46464500,bay
*FAN,bay,s,n,MTV,46482910_46486260,bay
*FAN,bay,s,n,MTV,46482910_46486260,bay
*FAN,bay,s,n,MTV,46426660_46430610,bay
*CHN,bear,r,y,MOT,25631060_25631810,bear
*FAN,bear,d,y,MOT,46475110_46476280,bear
*FAN,bear,n,y,MOT,46625040_46627100,bear
*FAN,bear,q,n,MOT,46745690_46746710,bear
*FAN,bear,n,y,MOT,46786290_46787290,bear
*OLN,bear,i,y,MOT,46800760_46802410,bear
*CXN,bear,n,y,MOT,46890940_46892170,bear
*FAN,bear,d,y,MOT,47170430_47173690,bear
*FAN,bed,d,n,MOT,75580_77050,bed
*FAN,bed,q,n,MOT,88900_90910,bed
*FAN,bed,d,n,MOT,855100_856100,bed
*FAN,bed,d,n,MOT,4973330_4974520,bed
*CHN,bed,d,n,MOT,12349740_12350620,bed
*FAN,bed,q,n,MOT,12724320_12725620,bed
*FAN,bed,d,n,MOT,12731550_12733860,bed
*FAN,bed,q,y,MOT,12869240_12870240,bed
*FAN,bed,q,y,MOT,12872620_12873830,bed
*FAN,bed,r,y,MOT,25390800_25391890,bed
*FAN,bed,d,y,MOT,25403330_25404660,bed
*FAN,bed,d,y,MOT,26485290_26486680,bed
*FAN,bed,q,n,MOT,35341650_35343080,bed
*FAF,bed,d,n,MOT,35384640_35385840,bed
*CXN,bed,s,n,MTV,47080550_47081550,bed
*CXN,bed,s,n,MTV,47090860_47091720,bed
*CXN,bed,s,n,MTV,47137120_47139240,bed
*OLN,bed,s,n,MTV,47148030_47150800,bed
*CXN,bed,s,n,MTV,47374030_47378030,bed
*CXN,bed,s,n,MTV,47374030_47378030,bed
*FAN,bed,q,n,MOT,49955600_49956650,bed
*FAN,beer,d,n,MOT,19375250_19377070,beer
*FAN,beer,d,n,MOT,42876930_42879010,beer
*FAN,beer+bottle,d,n,MOT,45161350_45162770,beer
*FAN,beers,q,n,MOT,2190040_2191040,beer
*FAN,belly,d,n,MOT,5168720_5169850,belly
*FAN,belly,d,n,MOT,5256700_5257850,belly
*FAN,belly,d,y,MOT,13093680_13096650,belly
*FAN,belly,d,y,MOT,13093680_13096650,belly
*FAN,belly,d,n,MOT,24928160_24931260,belly
*FAN,belly,q,n,MOT,39224430_39225430,belly
*FAN,bird,d,n,MOT,17411370_17414880,bird
*FAN,bird,d,n,MOT,17411370_17414880,bird
*CHN,bird,q,n,MOT,47307650_47309510,bird
*CXN,bird,q,n,MOT,47310540_47311730,bird
*FAN,bird,d,n,MOT,47312620_47315690,bird
*FAN,birds,d,n,MOT,11881600_11882600,bird
*OLN,birds,q,n,MOT,17007500_17008440,bird
*FAN,birdy,q,n,MOT,18699190_18700280,bird
*FAN,birdy,q,n,MOT,18702580_18703580,bird
*FAN,Bisquick,d,n,MOT,17571490_17572810,Bisquick
*FAN,Bisquick,d,n,MOT,17574840_17576600,Bisquick
*FAN,blanket,i,y,MOT,869920_870680,blanket
*FAN,blanket,q,n,MOT,887780_890440,blanket
*CXF,blanket,q,n,MOT,1437990_1439230,blanket
*OLN,blanket,n,n,MOT,1685730_1687780,blanket
*OLN,blanket,q,y,MOT,1861650_1863100,blanket
*OLN,blanket,d,y,MOT,1863900_1865630,blanket
*FAN,blanket,q,n,MOT,2728200_2729230,blanket
*FAN,blanket,d,y,MOT,7860570_7861280,blanket
*FAN,blanket,d,n,MOT,24249480_24252860,blanket
*CHN,blanket,q,n,MOT,24261720_24262330,blanket
*FAN,blankets,d,n,MOT,546170_547280,blanket
*FAN,blankie,q,n,MOT,1435680_1437990,blanket
*FAN,blankie,q,y,MOT,7804150_7805360,blanket
*FAN,blankie,q,n,MOT,7809280_7810500,blanket
*FAN,blankie,r,y,MOT,25405470_25406480,blanket
*FAN,blankies,d,y,MOT,24896000_24897410,blanket
*FAN,block,q,n,MOT,36845600_36846970,block
*CHN,blocks,d,y,MOT,36578400_36578530,block
*FAN,blocks,q,n,MOT,39567310_39568670,block
*FAN,blocks,d,y,MOT,39721980_39725250,block
*FAN,blossoms,d,n,MOT,45187820_45188820,blossom
*FAN,BLT,q,n,MOT,22144220_22145940,BLT
*MAN,BLT,d,n,FAT,22653640_22655980,BLT
*FAN,BLTs,d,n,MOT,17518090_17519320,BLT
*FAN,BLTs,d,n,MOT,17536490_17538490,BLT
*FAN,bobsled,d,n,MOT,8040010_8041790,bobsled
*FAN,boobie,q,n,MOT,23742100_23743100,NA
*FAN,boobie,q,n,MOT,46167630_46168630,NA
*FAN,boobies,q,n,MOT,2153270_2154080,NA
*FAN,boogey,q,n,MOT,2172760_2173900,NA
*FAN,boogey,d,n,MOT,2177450_2179540,NA
*FAN,boogey,d,n,MOT,5240530_5242200,NA
*FAN,boogey,q,n,MOT,25805200_25806200,NA
*FAN,boogies,d,n,MOT,259830_260430,NA
*FAN,boogies,d,n,MOT,7587590_7589910,NA
*FAN,boogies,q,n,MOT,7595530_7597410,NA
*FAN,boogies,d,n,MOT,7613960_7615440,NA
*FAN,boogies,d,n,MOT,7635990_7637560,NA
*MAN,boogies,d,n,MOT,42009800_42010800,NA
*OLN,boom+boom,d,n,MOT,37184880_37187040,NA
*FAN,boom+boom,q,n,MOT,37188420_37189310,NA
*FAN,bottle,d,n,MOT,16991660_16993370,bottle
*MAN,bottle,q,y,FAT,17829040_17830440,bottle
*FAN,bottle,d,n,MOT,32124840_32126010,bottle
*FAN,bottles,d,y,MOT,2627520_2629370,bottle
*FAN,bowl,d,n,MOT,41511640_41513970,bowl
*OLF,box,d,y,MOT,328520_329760,box
*FAN,bras,d,y,MOT,12804540_12805820,bra
*FAN,bread,d,n,MOT,22151940_22153150,bread
*FAN,britches,q,n,MOT,37172120_37174050,britches
*FAN,bubble,d,n,MOT,46972840_46974390,bubble
*FAN,bubbles,d,n,MOT,47008280_47009450,bubble
*FAN,bug,d,n,MOT,45373150_45374150,bug
*FAN,buggy,q,n,MOT,14400670_14401740,buggy
*FAN,bum,d,n,MOT,46601410_46603980,NA
*CXN,bum,d,n,MOT,46603980_46605280,NA
*FAN,bunny,d,y,MOT,562790_565460,bunny
*FAN,Bunny,q,y,MOT,1331050_1332420,Bunny
*FAN,bunny,d,y,MOT,1395870_1397900,bunny
*OLN,bunny,n,n,MOT,1685730_1687780,bunny
*FAN,bunny,q,n,MOT,4125240_4127160,bunny
*OLN,bunny,q,n,MOT,4127960_4129170,bunny
*OLN,bunny,d,n,MOT,4799150_4800030,bunny
*OLN,bunny,d,n,MOT,11188710_11190000,bunny
*MAN,bush,d,n,FAT,16328770_16331590,bush
*FAN,butt+can,d,y,MOT,17633560_17635830,can
*FAN,butt+can,i,y,MOT,17636840_17639610,can
*FAN,butt+can,d,y,MOT,17636840_17639610,can
*FAN,butt+can,d,y,MOT,17640530_17642230,can
*FAN,butterfly,d,y,MOT,25961980_25962620,butterfly
*FAN,butterfly,n,y,MOT,27444590_27445660,butterfly
*FAN,calendar,d,n,MOT,45990110_45991730,calendar
*FAN,camera+lens,d,n,MOT,24363190_24365990,camera
*OLN,candies,d,y,FAT,27767660_27770840,candies
*OLN,car,q,n,MOT,5152280_5153200,car
*CHN,car,d,n,MOT,5153200_5154400,car
*FAN,car,d,n,MOT,5398460_5401500,car
*MAN,car,q,y,FAT,5444030_5445060,car
*FAN,car,d,n,MOT,8273720_8274740,car
*FAN,car,q,n,MOT,11886410_11887840,car
*FAN,car,q,n,MOT,17037530_17038530,car
*OLN,car,n,n,MOT,18998790_19006460,car
*FAN,car,n,y,MOT,25128460_25129460,car
*FAN,car,q,y,MOT,36119830_36121610,car
*FAN,car,d,n,MOT,36465510_36466510,car
*FAN,car,n,y,MOT,36467530_36469030,car
*FAN,car,i,n,MOT,45278470_45281020,car
*TVF,car+seat,d,n,MOT,10449690_10451670,car+seat
*FAN,carpet,n,y,MOT,45023030_45024410,NA
*FAN,carriage,q,n,MOT,39845670_39848160,carriage
*FAN,cars,q,n,MOT,11884780_11886410,car
*FAN,cars,q,n,MOT,18997730_18998790,car
*CHN,cars,q,n,MOT,35369600_35370200,car
*FAN,cars,q,y,MOT,45246920_45247930,car
*FAN,celery,q,n,MOT,36135320_36136510,celery
*MAN,celery,d,n,FAY,37832550_37835550,celery
*MAN,celery,d,n,FAT,37839340_37841960,celery
*FAN,cereal,q,n,MOT,45007500_45008720,cereal
*FAN,chair,q,n,MOT,17436260_17437260,chair
*FAN,chair,q,n,MOT,17469670_17471290,chair
*FAN,chair,d,n,MOT,17900270_17901610,chair
*MAN,chairs,i,y,FAT,28711060_28712230,chair
*FAN,chapstick,d,n,MOT,11522150_11525260,chapstick
*FAN,cheese,d,n,MOT,44306610_44307610,cheese
*FAN,chewies,d,n,MOT,40510760_40511770,chewy
*FAN,chewy,q,n,MOT,158800_159910,chewy
*OLN,chewy,d,n,MOT,170350_176100,chewy
*FAN,chewy,q,n,MOT,469360_470890,chewy
*MAN,chewy,d,n,MOT,472600_473870,chewy
*FAN,chewy,d,n,MOT,477210_478480,chewy
*FAN,chewy,d,y,MOT,533600_535400,chewy
*FAN,chewy,d,y,MOT,1064640_1065670,chewy
*OLF,chewy,d,n,MOT,2906010_2908610,chewy
*FAN,chewy,d,y,MOT,13310080_13311620,chewy
*FAN,chewy,n,y,MOT,13314820_13318060,chewy
*FAN,chewy,d,y,MOT,13371550_13372550,chewy
*FAN,chewy,d,y,MOT,37033530_37035440,chewy
*FAN,chewy,q,y,MOT,37037710_37039160,chewy
*FAN,chewy,d,y,MOT,37043810_37045500,chewy
*FAN,chewy,q,n,MOT,38546440_38547900,chewy
*FAN,chewy,d,y,MOT,38620080_38622270,chewy
*FAN,chewy,d,y,MOT,38905660_38906660,chewy
*FAN,chewy,d,n,MOT,39514600_39515290,chewy
*FAN,chewy+ring,d,n,MOT,39512800_39513800,chewy
*FAN,chip,d,n,MOT,22182780_22184960,chips
*MAN,chips,d,n,FAT,21349010_21351100,chips
*FAN,chips,d,n,MOT,21778390_21779520,chips
*FAN,chips,q,n,MOT,21780320_21781330,chips
*FAN,Chu,q,n,MOT,25202950_25204210,Chu
*FAN,Chu,q,y,MOT,25205860_25207930,Chu
*FAN,Chu,r,y,MOT,25212320_25215460,Chu
*FAN,Chu,r,y,MOT,25216260_25218510,Chu
*FAN,Chu,r,y,MOT,25219620_25221450,Chu
*FAN,Chu,r,y,MOT,25228590_25230060,Chu
*FAN,Chu,r,y,MOT,25232580_25234010,Chu
*FAN,Chu,q,y,MOT,25268440_25269590,Chu
*FAN,Chu,r,y,MOT,25275370_25276390,Chu
*FAN,Chu,r,y,MOT,25315410_25316410,Chu
*FAN,Chu,r,y,MOT,25318040_25322310,Chu
*OLN,Chu,r,y,MOT,25332610_25334130,Chu
*FAN,Chu,r,y,MOT,25337980_25340940,Chu
*FAN,Chu,r,y,MOT,25345520_25346680,Chu
*FAN,Chu,r,y,MOT,25378790_25380570,Chu
*FAN,Chu,r,y,MOT,25390190_25390800,Chu
*FAN,Chu,r,y,MOT,25394440_25395440,Chu
*FAN,Chu,d,y,MOT,25403330_25404660,Chu
*OLN,Chus+Day,d,n,MOT,25199200_25201990,Chus+Day
*OLN,Chus+Day,q,n,MOT,25199200_25201990,Chus+Day
*FAN,circle,d,y,MOT,26299480_26300480,circle
*FAN,circle,q,y,MOT,36288040_36289040,circle
*FAN,circle,d,y,MOT,36290320_36292540,circle
*FAN,circle,d,y,MOT,36293440_36296060,circle
*FAN,circles,d,n,MOT,36188840_36191070,circle
*FAN,circles,d,n,MOT,36193620_36195360,circle
*FAN,circles,q,y,MOT,36285130_36286160,circle
*FAN,circus,r,y,MOT,25318040_25322310,circus
*FAN,circus,i,y,MOT,25323110_25324880,circus
*FAN,circus,r,y,MOT,25341750_25342750,circus
*FAN,circus,r,y,MOT,25388970_25390190,circus
*FAN,claw,d,n,MOT,36088910_36091000,claw
*FAN,claws,d,n,MOT,856910_858740,claw
*FAN,clothes,d,y,MOT,26420570_26424770,clothes
*FAN,clothes,d,y,MOT,26427440_26429250,clothes
*FAN,clothes,d,y,MOT,26483430_26484450,clothes
*FAN,clothes,d,y,MOT,26533750_26535280,clothes
*FAN,clothes,d,n,MOT,26620320_26623220,clothes
*FAN,clothes,q,y,MOT,27112280_27113280,clothes
*MAN,clothes,d,n,FAT,27609670_27610780,clothes
*MAN,clothes,i,n,FAT,27626940_27628660,clothes
*FAN,coffee,d,n,MOT,341140_343390,coffee
*FAN,coffee,n,n,MOT,375250_379570,coffee
*FAN,coffee,n,n,MOT,375250_379570,coffee
*CXN,coffee,q,n,MOT,2040260_2041160,coffee
*FAN,coffee,d,n,MOT,2042860_2044390,coffee
*FAN,coffee,d,n,MOT,2044390_2045190,coffee
*FAN,coffee,d,n,MOT,2062830_2064140,coffee
*CXN,coffee,d,n,MOT,2143870_2144720,coffee
*FAN,cookies,d,n,MOT,36139170_36140790,cookies
*FAN,cookies,d,n,MOT,36144760_36146800,cookies
*FAN,cookies,q,n,MOT,36148160_36149890,cookies
*FAN,cookies,q,n,MOT,36154470_36156520,cookies
*FAN,cornflake,n,y,MOT,44999940_45001210,cornflake
*FAN,couch,q,y,MOT,2610750_2611350,couch
*FAN,couch,d,y,MOT,2613630_2616700,couch
*FAN,couch,q,y,MOT,45388510_45390930,couch
*OLN,couch,q,y,MOT,45395400_45396800,couch
*FAN,couch,q,n,MOT,50417410_50419290,couch
*FAN,crayons,d,n,MOT,46668550_46671240,crayon
*FAN,cream+cheese,d,n,MOT,9844610_9845860,cream+cheese
*CHN,crib,q,n,MOT,24802620_24803670,crib
*FAN,crib,d,n,MOT,24848900_24850150,crib
*FAN,crib,d,y,MOT,25530920_25532090,crib
*FAN,crib,d,n,MOT,26573410_26575230,crib
*FAN,crib,q,n,MOT,27396600_27398540,crib
*MAN,crib,q,n,FAT,29701770_29703210,crib
*FAN,crib,d,n,MOT,32126900_32129330,crib
*FAN,crib,d,n,MOT,32130240_32133730,crib
*FAN,Dalek,d,y,MOT,2197570_2198610,Dalek
*FAN,Dalek,q,y,MOT,2239450_2241480,Dalek
*CHN,Dalek,d,y,MOT,2251230_2252040,Dalek
*NON,Dalek,d,y,TOY,2292920_2295530,Dalek
*FAN,Dalek,d,y,MOT,2295530_2301750,Dalek
*FAN,Dalek,d,n,MOT,2341630_2344270,Dalek
*FAN,Dalek,n,y,MOT,24227450_24232460,Dalek
*FAN,Dalek,q,y,MOT,24227450_24232460,Dalek
*FAN,Dalek,q,y,MOT,24227450_24232460,Dalek
*FAN,Dalek,q,y,MOT,38503520_38505640,Dalek
*CXN,dandelion,d,n,MOT,14466010_14466810,dandelion
*CXN,dandelion,q,n,MOT,14468010_14468810,dandelion
*FAN,diapee,q,n,MOT,9836660_9838030,diapee
*FAN,diapee,q,n,MOT,11978220_11979560,diapey
*FAN,diapee,d,n,MOT,12069410_12070550,diapey
*FAN,diapee,q,n,MOT,24938740_24939750,diapey
*FAN,diapee,d,n,MOT,24944480_24945640,diapey
*FAN,diapee,d,n,MOT,25062010_25063320,diapey
*FAN,diapee,d,n,MOT,37776430_37779560,diapey
*FAN,diapee,d,n,MOT,49817280_49818520,diapey
*OLN,diapee,d,n,MOT,49872590_49873610,diapey
*FAN,diapee,d,n,MOT,49873610_49875300,diapey
*FAN,diapee,n,n,MOT,49884830_49885830,diapey
*FAN,diaper,d,n,MOT,168460_169740,diapey
*FAN,diaper,d,n,MOT,221380_222590,diapey
*FAN,diaper,d,n,MOT,12174620_12175620,diapey
*CHN,diaper,d,y,MOT,25028220_25029200,diapey
*FAN,diaper,d,y,MOT,37441100_37442830,diapey
*FAN,diaper,q,n,MOT,49860990_49861720,diapey
*FAN,diaper,d,n,MOT,49901910_49902910,diapey
*FAN,diner,r,y,MOT,25278650_25282150,diner
*FAN,diner,d,y,MOT,25296870_25299360,diner
*FAN,diner,d,y,MOT,25301970_25303470,diner
*FAN,dinosaur,q,n,MOT,27402400_27403500,dinosaur
*MAF,dirt,d,n,MOT,17272770_17273840,dirt
*CXN,dishes,q,y,MOT,40925290_40926290,dishes
*OLN,doctor,s,n,MTV,47084080_47086560,doctor
*CXN,doctor,s,n,MOT,47086560_47087410,doctor
*CXN,doctor,s,n,MTV,47143980_47146050,doctor
*CXN,doctor,s,n,MTV,47143980_47146050,doctor
*CHN,doggie,q,y,MOT,5127250_5127590,doggy
*FAN,doggie,q,y,MOT,5127590_5129370,doggy
*FAN,doggie,n,y,MOT,5127590_5129370,doggy
*FAN,doggie,d,y,FAT,17997360_17997990,doggy
*MAN,doggies,d,n,FAT,18474870_18475870,doggy
*MAN,dogs,d,n,FAT,16449640_16450640,doggy
*MAN,dogs,d,n,FAT,16451780_16452860,doggy
*FAN,dolly,n,y,MOT,36722650_36724180,dolly
*FAN,dookie,d,n,MOT,37128650_37129690,NA
*CHN,dookies,q,n,MOT,24328480_24329980,NA
*FAN,dookies,q,n,MOT,24970710_24972180,NA
*FAN,dookies,q,n,MOT,37172120_37174050,NA
*FAN,door,d,n,MOT,11522150_11525260,door
*FAN,door,s,n,MOT,18625810_18626490,door
*MAN,door,q,y,FAT,29446740_29448430,door
*CHN,drawers,d,n,MOT,12903170_12903980,drawer
*CHN,drawers,q,n,MOT,24328480_24329980,drawer
*FAN,dress,d,y,MOT,25257250_25259760,dress
*FAN,drink,d,n,MOT,16967090_16969350,NA
*FAN,eagle,d,y,MOT,25304090_25305780,eagle
*FAN,ears,d,n,MOT,574600_577610,ear
*OLF,egg,d,y,MOT,10829020_10829820,eggs
*FAN,eggs,d,n,MOT,5380550_5382700,eggs
*FAN,eggs,d,n,MOT,9824680_9828900,eggs
*FAN,eggs,q,n,MOT,10429570_10433140,eggs
*CXN,eggs,s,n,MOT,10703940_10705050,eggs
*FAN,eggs,d,y,MOT,38927490_38929360,eggs
*OLN,eggs,q,n,MOT,40246700_40247600,eggs
*FAN,eggs,d,y,MOT,40254040_40255800,eggs
*CXN,eggs,d,y,MOT,40257170_40258340,eggs
*CHN,eggs,d,y,MOT,40286400_40287550,eggs
*CHN,eggs,q,y,MOT,40297240_40297850,eggs
*FAN,eggs,q,n,MOT,40325050_40326140,eggs
*OLF,elephant,n,y,MOT,1314370_1315240,elephant
*CXN,elephant,d,n,MOT,46776560_46777160,elephant
*FAN,elephants,d,n,MOT,1290540_1291730,elephant
*FAN,elephants,d,n,MOT,1293750_1295780,elephant
*FAN,Elmo,q,n,MOT,12106910_12108020,Elmo
*FAN,Elmo,n,y,MOT,23226440_23227800,Elmo
*FAN,Elmo,n,y,MOT,24313450_24316000,Elmo
*FAN,eye+drop,q,n,MOT,9849780_9850590,eye+drop
*CXN,eye+drop,q,n,MOT,9851690_9853500,eye+drop
*FAN,eye+drop,d,n,MOT,9872330_9873380,eye+drop
*CXN,eye+drop,d,n,MOT,9877940_9878770,eye+drop
*MAN,eyebrows,d,n,MOT,17208550_17209550,eyebrow
*FAN,eyelash,q,n,MOT,17165510_17166510,eyelash
*FAN,eyelash,d,n,MOT,17206650_17207730,eyelash
*FAN,face,d,n,MOT,444870_447120,face
*FAF,face,d,n,MOT,1876330_1878620,face
*CHN,face,d,n,MOT,2246950_2247590,face
*FAN,face,d,n,MOT,2252040_2253170,face
*OLF,face,d,n,MOT,7615440_7616770,face
*FAN,face,d,n,MOT,12276410_12277950,face
*FAN,face,q,n,MOT,12290140_12291840,face
*MAN,face,d,n,FAT,21580170_21581980,face
*FAN,face,i,y,MOT,24317820_24319480,face
*FAN,face,q,y,MOT,26670870_26672170,face
*FAN,face,d,y,MOT,36807560_36808860,face
*FAN,face,n,n,MOT,39656390_39658090,face
*FAN,face,n,n,MOT,39656390_39658090,face
*MAN,face,d,n,MOT,42009800_42010800,face
*CXN,face,d,y,MOT,46498510_46500390,face
*FAN,face,d,y,MOT,46631230_46633910,face
*OLN,face,d,y,MOT,46873850_46874650,face
*FAN,face,d,n,MOT,46969630_46971710,face
*FAN,face,d,n,MOT,47012350_47013540,face
*FAN,face,d,n,MOT,50425020_50426030,face
*FAN,face,d,n,MOT,50428420_50430660,face
*MAN,faces,q,n,FAT,21577290_21578290,face
*FAN,faces,q,n,MOT,36404980_36407050,face
*FAN,faces,n,n,MOT,39627030_39628030,face
*FAN,faces,q,n,MOT,39645490_39646780,face
*FAN,faces,i,y,MOT,39729800_39730870,face
*FAN,fan,q,y,MOT,2761740_2763430,fan
*FAN,fan,q,n,MOT,2803780_2807230,fan
*FAN,fan,d,n,MOT,2807830_2810730,fan
*FAN,fan,d,n,MOT,12519060_12521730,fan
*FAN,fan,d,n,MOT,12523310_12525140,fan
*FAN,fan,d,n,MOT,25096340_25098460,fan
*FAN,fan,d,y,MOT,37528230_37529230,fan
*FAN,fan,q,y,FAT,40574010_40575010,fan
*CHN,fan,d,y,MOT,46152490_46153490,fan
*FAN,fan,i,y,MOT,46160220_46161430,fan
*CHN,farm,d,n,MOT,5087860_5088910,farm
*FAN,farm,d,n,MOT,14435460_14436770,farm
*FAN,Father,r,y,MOT,25278650_25282150,Father
*CXN,Father,r,y,MOT,25296070_25296870,Father
*FAN,feet,q,y,MOT,202290_203290,foot
*FAN,feet,d,n,MOT,587820_589420,foot
*FAN,feet,d,n,MOT,591020_592220,foot
*FAN,feet,d,n,MOT,2621850_2625660,foot
*FAN,feet,d,n,MOT,5252710_5255370,foot
*FAN,feet,q,n,MOT,10421200_10422360,foot
*CXF,feet,i,n,MOT,10646520_10647320,foot
*MAN,feet,q,n,FAT,15400260_15401260,foot
*FAN,feet,d,n,MOT,17199950_17201370,foot
*FAN,feet,d,n,MOT,26350770_26351770,foot
*OLN,feet,d,y,MOT,26380020_26381160,foot
*CHN,feet,d,n,MOT,31934470_31935720,foot
*FAN,feet,d,n,MOT,39078370_39079430,foot
*FAN,feet,d,n,MOT,39189800_39190800,foot
*FAN,feet,i,n,MOT,41179670_41180930,foot
*CHN,feet,d,n,MOT,46253340_46254340,foot
*FAN,feet,d,n,MOT,46554040_46555110,foot
*FAN,feet,d,n,MOT,46559310_46561300,foot
*FAN,feet,d,n,MOT,46565840_46568240,foot
*FAN,feet,q,n,MOT,47415920_47418390,foot
*FAN,feet,q,n,MOT,47415920_47418390,foot
*FAN,finger,d,n,MOT,862780_864030,finger
*FAN,finger,d,n,MOT,5247950_5250070,finger
*FAN,finger,q,n,MOT,17115450_17117800,finger
*FAN,fingers,d,n,MOT,12298210_12299460,finger
*FAN,fingers,d,n,MOT,12300420_12301610,finger
*FAN,fingers,d,n,MOT,12523310_12525140,finger
*MAN,fingers,d,n,FAT,16497670_16498720,finger
*FAN,fingers,d,n,MOT,25096340_25098460,finger
*OLN,fingers,d,n,MOT,42892140_42892970,finger
*CHN,fingers,d,y,MOT,46152490_46153490,finger
*OLN,fishy,q,n,MOT,12011890_12015320,fishy
*FAN,fishy,n,y,MOT,12016820_12017920,fishy
*FAN,fishy,n,y,MOT,12016820_12017920,fishy
*FAN,fishy,q,n,MOT,12020730_12021330,fishy
*FAN,fishy,d,y,MOT,26000650_26002220,fishy
*FAN,fishy,i,y,MOT,50050640_50052740,fishy
*FAF,fishy,d,y,MOT,50054970_50056170,fishy
*CHN,floor,d,n,MOT,5387900_5389720,NA
*FAN,floor,d,y,MOT,35973990_35976740,NA
*FAN,floor,q,y,MOT,38908580_38909260,NA
*FAN,floor,n,y,MOT,45023030_45024410,NA
*FAN,floor,q,y,MOT,45135110_45136150,NA
*MAN,floor,d,n,MOT,45371350_45372350,NA
*FAN,flowers,n,y,MOT,5146770_5147770,flower
*CXN,flowers,d,n,MOT,14485660_14487260,flower
*FAN,food,d,n,MOT,389790_392100,NA
*MAN,food,d,n,MOT,395680_396770,NA
*FAN,food,q,n,MOT,22155520_22157490,NA
*FAN,food,d,n,MOT,22185770_22187880,NA
*MAN,food,i,n,FAT,22453550_22454950,NA
*MAN,food,d,n,FAT,22649420_22650600,NA
*MAN,food,i,y,FAT,27731190_27733460,NA
*FAN,foods,d,n,MOT,9880590_9883390,NA
*FAN,foot,n,y,MOT,205190_206640,foot
*FAN,foot,q,y,MOT,205190_206640,foot
*TVF,foot,d,n,MOT,10650460_10651460,foot
*OLN,foot,n,n,MOT,10719310_10720870,foot
*OLN,foot,n,n,MOT,10719310_10720870,foot
*OLN,foot,n,n,MOT,10719310_10720870,foot
*MAN,foot,n,y,FAT,10720870_10721870,foot
*MAN,foot,n,y,FAT,10720870_10721870,foot
*MAN,foot,n,y,FAT,10722670_10724370,foot
*MAF,foot,n,y,FAT,10724370_10726180,foot
*FAN,foot,n,n,MOT,10737220_10738480,foot
*FAN,foot,n,n,MOT,10737220_10738480,foot
*FAN,foot,i,n,MOT,10758150_10759310,foot
*FAN,foot,q,n,MOT,31942160_31943240,foot
*FAN,foot,q,n,MOT,40929020_40930020,foot
*OLF,fox,r,y,MOT,25619310_25620110,fox
*OLF,fridge,d,n,MOT,2906010_2908610,fridge
*FAN,fridge,d,n,MOT,35680910_35683980,fridge
*FAN,fridge,d,n,MOT,38567160_38568980,fridge
*OLN,frog,n,n,MOT,39171500_39174370,frog
*FAN,garlic,d,n,MOT,38706990_38707990,garlic
*FAN,garlic,d,n,MOT,41829450_41832220,garlic
*FAN,ghostie,q,n,MOT,8018350_8024880,NA
*OLN,giraffe,q,n,MOT,5075350_5076290,giraffe
*FAN,glasses,d,n,MOT,2910690_2912760,glasses
*FAN,glasses,q,y,MOT,8018350_8024880,glasses
*FAN,glasses,d,y,MOT,8018350_8024880,glasses
*CHN,glasses,d,y,MOT,24294580_24295190,glasses
*FAN,glasses,d,y,MOT,24299370_24300870,glasses
*MAN,glasses,d,y,FAT,29137450_29138990,glasses
*MAN,glasses,n,y,FAT,29142420_29143490,glasses
*FAN,glasses,d,y,MOT,36249110_36250900,glasses
*FAN,Goodnight+Moon,r,n,MOT,24902930_24906550,Goodnight+Moon
*FAN,grass,d,n,MOT,14741770_14745550,grass
*FAN,grill,d,n,MOT,399550_401340,grill
*FAN,guitar,q,n,MOT,17709320_17711010,guitar
*FAN,gums,d,n,MOT,591020_592220,gum
*FAN,gums,d,n,MOT,602070_603090,gum
*FAN,hair,d,n,MOT,17041920_17045050,hair
*MAN,hair,d,n,MOT,28028300_28029480,hair
*CXN,hair+tie,q,n,MOT,36547820_36548630,hair+tie
*FAN,hand,d,n,MOT,11242570_11243750,hand
*FAN,hand,d,n,MOT,17106500_17110130,hand
*FAN,hand,d,y,MOT,17147980_17149650,hand
*FAN,hand,q,n,MOT,35219870_35221100,hand
*MAN,handle,q,y,FAT,29446740_29448430,handle
*OLN,hands,i,y,FAT,21318560_21333200,hand
*OLN,hands,i,y,FAT,21318560_21333200,hand
*OLN,hands,d,n,MOT,23726510_23727590,hand
*FAF,hands,d,y,FAT,29728490_29729500,hand
*FAN,hands,i,y,MOT,36861690_36862690,hand
*FAN,hands,i,n,MOT,45055410_45057460,hand
*FAN,hands,d,n,MOT,50428420_50430660,hand
*FAN,hat,d,n,MOT,12816070_12817070,hat
*FAN,hat,d,n,MOT,13141600_13142600,hat
*FAN,hat,d,n,MOT,13144500_13145710,hat
*CHN,hats,n,n,MOT,10445120_10445410,hat
*CHN,head,d,n,MOT,4997890_4998960,head
*FAN,head,d,n,MOT,17096360_17097360,head
*CXN,head,d,n,MOT,23189840_23190960,head
*MAN,head,d,n,MOT,28589760_28590760,head
*FAN,head,d,n,MOT,38156500_38157100,head
*FAN,head,d,n,MOT,38161300_38163380,head
*FAN,head,q,y,MOT,46569070_46570070,head
*FAN,head,d,n,MOT,46637450_46641020,head
*FAN,head,d,n,MOT,47002270_47004040,head
*OLN,head,s,n,MTV,47084080_47086560,head
*CHN,head,s,n,MTV,47141620_47142790,head
*FAN,head,i,n,MOT,47202950_47204960,head
*FAN,headband,d,n,MOT,36732370_36734680,headband
*FAN,highchair,d,y,MOT,2850280_2851640,highchair
*FAN,highchair,d,y,MOT,2860920_2861920,highchair
*MAN,hill,n,n,FAT,15498240_15499920,hill
*MAN,hill,n,n,FAT,15498240_15499920,hill
*MAN,hill,d,n,FAT,18471680_18473430,hill
*NOF,hill,d,n,FAT,18473430_18474870,hill
*OLN,hippo,d,y,MOT,46592600_46595550,hippo
*FAN,hippo,q,y,MOT,46741460_46743810,hippo
*FAN,hippo,d,y,MOT,46894880_46897360,hippo
*CXN,house,d,n,MOT,16351710_16352830,house
*OLN,house,d,n,MOT,16358300_16359820,house
*OLN,house,d,n,MOT,18803230_18806100,house
*OLN,ice+cube,d,n,MOT,42054880_42056070,ice+cube
*OLN,ice+cube,q,y,MOT,42124240_42125040,ice+cube
*OLN,ice+cube,d,y,MOT,42160980_42169040,ice+cube
*FAN,ice+cube,d,n,MOT,42941900_42944600,ice+cube
*FAN,ice+cube,d,n,MOT,42979470_42982190,ice+cube
*FAN,ice+tea,i,n,MOT,35599420_35600420,ice+tea
*OLN,ice+tea,d,n,MOT,39155120_39155930,ice+tea
*FAN,iPad,d,n,MOT,38403770_38405300,iPad
*CXN,ivy,q,n,MOT,16420360_16421160,ivy
*FAN,ivy,d,n,MOT,16427050_16428310,ivy
*FAN,jammies,d,y,MOT,26604920_26606380,jammies
*CHN,jammies,n,y,MOT,26607180_26608180,jammies
*CXN,jammies,n,y,MOT,26609720_26610720,jammies
*FAN,jammies,d,y,MOT,26612740_26615260,jammies
*FAN,jammies,d,n,MOT,49878530_49879730,jammies
*FAN,jammies,d,n,MOT,49912200_49914800,jammies
*FAN,jerk,d,n,MOT,41505590_41508750,jerk
*FAN,jerk,d,n,MOT,41505590_41508750,jerk
*FAN,jumpy,q,n,MOT,2790070_2791820,jumpy
*FAN,jumpy,q,n,MOT,2839510_2840730,jumpy
*FAN,jumpy,d,n,MOT,2846390_2847450,jumpy
*FAN,jumpy,d,y,MOT,2863330_2864330,jumpy
*OLN,jumpy,d,n,MOT,2867340_2868590,jumpy
*MAN,jumpy,q,n,FAT,10924250_10925920,jumpy
*FAN,jumpy,d,n,MOT,10926720_10927730,jumpy
*FAN,jumpy,q,n,MOT,39215980_39216980,jumpy
*FAN,jumpy,q,n,MOT,43144990_43148080,jumpy
*FAN,jumpy,q,n,MOT,43150080_43151450,jumpy
*OLN,jumpy,q,n,MOT,43155090_43157000,jumpy
*FAN,jumpy,q,n,MOT,43186580_43187580,jumpy
*FAN,jumpy,d,n,MOT,45492170_45493300,jumpy
*FAN,keys,d,n,MOT,477210_478480,key
*FAN,keys,d,y,MOT,24585900_24587200,key
*FAN,keys,d,y,MOT,24591820_24594310,key
*FAN,kitty,q,n,MOT,9847350_9849780,kitty+cat
*FAN,kitty,q,n,MOT,9847350_9849780,kitty+cat
*MAN,kitty,q,n,FAT,9856920_9858150,kitty+cat
*OLN,kitty,q,y,FAT,9885400_9886690,kitty+cat
*MAN,kitty,d,n,FAT,28058610_28060080,kitty+cat
*FAN,kitty,q,y,MOT,36174690_36175750,kitty+cat
*FAN,kitty,n,y,MOT,38970960_38973570,kitty+cat
*FAN,kitty,n,y,MOT,39277320_39278120,kitty+cat
*FAN,kitty,n,y,MOT,39518600_39519600,kitty+cat
*FAN,kitty,q,y,MOT,40076530_40078110,kitty+cat
*OLN,kitty,q,n,MOT,45403470_45405080,kitty+cat
*CHN,kitty,d,n,MOT,45405080_45405750,kitty+cat
*FAN,kitty,d,n,MOT,45406610_45407210,kitty+cat
*FAN,kitty+cat,q,n,MOT,2700900_2703720,kitty+cat
*FAN,kitty+cat,d,y,MOT,2700900_2703720,kitty+cat
*OLN,kitty+cat,d,n,MOT,3592100_3592910,kitty+cat
*FAN,kitty+cat,q,n,MOT,3628670_3631240,kitty+cat
*FAN,kitty+cat,d,n,MOT,3628670_3631240,kitty+cat
*FAN,kitty+cat,d,n,MOT,4890070_4891750,kitty+cat
*FAN,kitty+cat,q,n,MOT,5234340_5235610,kitty+cat
*FAN,kitty+cat,n,y,MOT,5258850_5260610,kitty+cat
*OLN,kitty+cat,q,n,MOT,7789830_7791860,kitty+cat
*FAN,kitty+cat,q,n,MOT,7961100_7962500,kitty+cat
*FAN,kitty+cat,d,y,MOT,9868810_9871320,kitty+cat
*FAN,kitty+cat,n,y,MOT,25131030_25132440,kitty+cat
*CHN,kitty+cat,d,y,MOT,25962620_25964220,kitty+cat
*FAN,kitty+cat,d,y,MOT,35771530_35772530,kitty+cat
*FAN,kitty+cat,d,y,MOT,35970410_35972610,kitty+cat
*FAN,kitty+cat,d,n,MOT,35973990_35976740,kitty+cat
*FAN,kitty+cat,d,y,MOT,36516610_36517940,kitty+cat
*FAN,kitty+cat,d,y,MOT,36520850_36521870,kitty+cat
*FAN,kitty+cat,d,y,MOT,38932570_38933720,kitty+cat
*FAN,kitty+cat,q,y,MOT,38970960_38973570,kitty+cat
*CHN,kitty+cat,q,y,MOT,39070110_39070860,kitty+cat
*FAN,kitty+cat,q,y,MOT,39070860_39072420,kitty+cat
*FAN,kitty+cat,d,y,MOT,39186420_39189140,kitty+cat
*FAN,kitty+cat,q,y,MOT,39186420_39189140,kitty+cat
*FAN,kitty+cat,q,n,MOT,39200500_39203660,kitty+cat
*CXN,kitty+cat,q,n,MOT,39246870_39247690,kitty+cat
*FAN,kitty+cat,n,y,MOT,39275340_39276490,kitty+cat
*OLN,kitty+cat,d,y,MOT,39431360_39435290,kitty+cat
*FAN,kitty+cat,i,y,MOT,40079220_40081240,kitty+cat
*OLN,kitty+cat,i,y,MOT,40084400_40086260,kitty+cat
*FAN,kitty+cat,d,n,MOT,40092330_40094530,kitty+cat
*CHN,kitty+cat,d,y,MOT,40266480_40268560,kitty+cat
*OLN,kitty+cat,d,y,MOT,40270700_40271570,kitty+cat
*FAN,kitty+cat,q,y,MOT,40276250_40277830,kitty+cat
*FAN,kitty+cat,d,y,MOT,40282730_40284080,kitty+cat
*CXN,kitty+cat,q,n,MOT,41656610_41657410,kitty+cat
*CHN,kitty+cat,d,n,MOT,45392230_45392760,kitty+cat
*OLN,kitty+cat,q,n,MOT,45395400_45396800,kitty+cat
*FAN,kitty+cat,d,n,MOT,45408790_45410780,kitty+cat
*FAN,kitty+cats,i,y,MOT,517740_519560,kitty+cat
*FAN,kitty+cats,d,n,MOT,35920720_35923420,kitty+cat
*OLN,knee,d,y,MOT,17090630_17091920,knee
*FAN,knee,d,y,MOT,36787250_36790070,knee
*OLN,knees,i,n,MOT,4981760_4986000,knee
*FAN,knees,d,n,MOT,26573410_26575230,knee
*FAN,knees,i,y,MOT,45055410_45057460,knee
*FAN,lamp,d,y,MOT,2873180_2874180,lamp
*FAN,lamp,q,y,MOT,2874980_2875980,lamp
*FAN,laptop,d,n,MOT,3628670_3631240,laptop
*OLN,lavender,d,n,MOT,19172010_19177650,lavender
*OLN,lavender,q,n,MOT,19172010_19177650,lavender
*FAN,lawn+mower,q,n,MOT,31916580_31917910,mower
*FAN,leaves,d,n,MOT,678250_679000,leaf
*FAN,leaves,d,y,MOT,13945630_13946630,leaf
*CXN,leaves,q,n,MOT,14445940_14446800,leaf
*MAN,leaves,d,n,FAT,18072970_18076150,leaf
*FAN,leg,d,n,MOT,34796270_34797140,leg
*FAN,legs,i,y,MOT,269940_270950,leg
*OLF,legs,i,y,MOT,282400_283200,leg
*OLF,legs,d,n,MOT,10647320_10649090,leg
*FAN,legs,i,y,MOT,49962700_49965190,leg
*FAN,lens,n,n,MOT,24373900_24375100,lens
*CHN,lever,i,y,MOT,39675700_39676880,lever
*FAN,library,r,y,MOT,25234810_25237380,library
*FAN,library,q,y,MOT,25234810_25237380,library
*CXN,library,d,y,MOT,25375150_25376070,library
*FAN,light,q,n,MOT,337440_338470,NA
*CHN,light,d,y,MOT,16906140_16907160,NA
*FAN,light,n,y,MOT,16908480_16909480,NA
*MAN,light,q,n,FAT,29215350_29216350,NA
*FAN,light,d,n,MOT,45201630_45203840,NA
*FAN,light,d,n,MOT,45204640_45206400,NA
*FAN,light,q,n,MOT,45696200_45697170,NA
*FAN,light,q,n,MOT,45748810_45751400,NA
*CXN,light,q,n,MOT,45835070_45836690,NA
*CXN,light,q,n,MOT,45972830_45974170,NA
*OLN,lion,n,y,MOT,5142400_5144090,lion
*FAN,lion,q,y,MOT,43108790_43110600,lion
*FAN,lion,d,y,MOT,43133530_43135030,lion
*FAN,machine,q,n,MOT,25084250_25086360,machine
*FAN,maples,q,n,MOT,14738880_14740420,maple
*FAN,maraca,s,y,MOT,44979520_44983150,maraca
*FAN,mayonnaise,d,n,MOT,17536490_17538490,mayonnaise
*OLN,meat+pie,q,n,MOT,40963680_40967490,pie
*FAN,meat+pie,q,n,MOT,44273890_44275030,pie
*CHN,meat+pie,n,n,MOT,44297950_44298990,pie
*FAN,meat+pie,n,n,MOT,44299070_44301100,pie
*FAN,meat+pie,n,n,MOT,44303740_44306010,pie
*FAN,meat+pies,d,n,MOT,17563270_17564270,pie
*FAN,meat+pies,d,n,MOT,17566100_17567640,pie
*FAN,meat+pies,d,n,MOT,44293890_44295290,pie
*OLN,meatball,q,n,MOT,40963680_40967490,meatballs
*FAN,meatballs,n,n,MOT,17548880_17550080,meatballs
*FAN,meatballs,d,n,MOT,17563270_17564270,meatballs
*FAN,meatballs,d,n,MOT,41505590_41508750,meatballs
*FAN,meatballs,d,n,MOT,41511640_41513970,meatballs
*FAN,meatballs,d,n,MOT,42837150_42839270,meatballs
*FAN,meatballs,d,n,MOT,42902160_42905050,meatballs
*OLN,milk,d,n,MOT,17576600_17578480,milk
*FAN,milk,d,n,MOT,44318520_44321310,milk
*FAN,mirror,q,n,MOT,12474510_12475960,mirror
*FAN,mirror,q,n,MOT,12491820_12493360,mirror
*FAN,mirror,q,n,MOT,12529210_12530960,mirror
*FAN,mirror,q,n,MOT,12529210_12530960,mirror
*FAN,mirror,d,y,MOT,12536420_12538080,mirror
*FAN,mirror,q,n,MOT,12569130_12570780,mirror
*FAN,mirror,d,n,MOT,12571610_12572790,mirror
*FAN,mirror,d,n,MOT,12719920_12721900,mirror
*FAN,mirror,i,n,MOT,12768390_12769900,mirror
*FAN,mirror,d,y,MOT,12793610_12794880,mirror
*MAN,mirror,q,y,FAT,26799480_26800490,mirror
*FAN,mirror,q,y,FAT,26800490_26802750,mirror
*OLN,mirror,d,y,MOT,26806270_26807630,mirror
*OLN,mirror,q,n,MOT,27198990_27201490,mirror
*FAN,mirror,d,y,MOT,27311110_27312420,mirror
*CHN,mirror,d,y,MOT,27313600_27315690,mirror
*FAN,mirror,d,y,MOT,27328610_27330840,mirror
*OLN,mirror,q,n,MOT,27346620_27348880,mirror
*OLF,mirror,q,y,FAT,29534910_29535710,mirror
*FAN,mobile,q,y,MOT,25114560_25116330,mobile
*FAN,mobile,q,y,MOT,25326060_25327530,mobile
*FAN,mobile,d,y,MOT,25533140_25534370,mobile
*FAN,mobile,d,y,MOT,25911780_25913580,mobile
*OLF,mobile,d,y,MOT,26047910_26050880,mobile
*FAN,mobile,d,y,MOT,27405010_27408550,mobile
*FAN,mobile,i,y,MOT,27405010_27408550,mobile
*FAN,mobile,d,y,MOT,27418000_27419020,mobile
*FAN,monkey,d,y,MOT,13310080_13311620,monkey
*FAN,monkey,n,y,MOT,13318870_13319870,monkey
*FAN,monkey,d,y,MOT,13372550_13373160,monkey
*CXN,monkey,q,y,MOT,42757070_42757970,monkey
*OLN,monkey,q,y,MOT,42757970_42758840,monkey
*FAN,monkey,d,y,MOT,46116670_46118370,monkey
*FAN,monkey,d,y,MOT,46116670_46118370,monkey
*FAN,monkey,q,y,MOT,46124760_46127740,monkey
*FAN,monkey,d,y,MOT,46132030_46133030,monkey
*CHN,monkey,q,y,MOT,46163180_46164600,monkey
*CXN,monkey,d,y,MOT,46762880_46764080,monkey
*FAN,monkey,n,y,MOT,46764880_46767210,monkey
*OLN,monkey,d,y,MOT,46773220_46775420,monkey
*CXN,monkey,n,y,MOT,46791220_46792220,monkey
*FAN,monkey,i,y,MOT,46798000_46800760,monkey
*OLN,monkey,i,y,MOT,46828730_46829570,monkey
*FAN,monkey,q,y,MOT,46996500_46997760,monkey
*CXN,monkey,s,n,MTV,47137120_47139240,monkey
*OLN,monkeys,s,n,MTV,47078620_47080550,monkey
*FAN,monkeys,s,n,MTV,47089530_47090860,monkey
*CXN,monkeys,s,n,MTV,47147230_47148030,monkey
*FAN,Mother,q,y,MOT,25254460_25255610,Mother
*FAN,mouse,d,y,MOT,25977690_25978520,mouse
*FAN,mouse,n,n,MOT,39169930_39171500,mouse
*FAN,mouth,d,n,MOT,12911950_12913290,mouth
*FAN,mouth,d,n,MOT,12925200_12926390,mouth
*FAN,mouth,d,n,MOT,12926990_12927990,mouth
*CHN,mouth,d,n,MOT,12928890_12929430,mouth
*FAN,mouth,d,n,MOT,17204590_17205650,mouth
*OLN,mouth,d,n,MOT,17266830_17271770,mouth
*FAN,mouth,d,y,MOT,26027590_26031740,mouth
*FAN,mouth,d,n,MOT,47010400_47011550,mouth
*FAN,mower,d,n,MOT,14908850_14911640,mower
*FAN,mower,d,n,MOT,14912570_14914080,mower
*FAN,Mr+Bear,q,y,MOT,46595550_46596560,Mr+Bear
*FAN,Mr+Bear,d,y,MOT,46601410_46603980,Mr+Bear
*FAN,Mr+Elephant,d,y,MOT,562790_565460,Mr+Elephant
*OLN,Mr+Elephant,q,y,MOT,43094850_43095940,Mr+Elephant
*FAN,Mr+Lion,n,y,MOT,536790_538200,Mr+Lion
*FAN,Mr+Lion,q,n,MOT,2529660_2532430,Mr+Lion
*CHN,My+World,r,n,MOT,24907140_24907480,My+World
*FAN,nail,d,n,MOT,21834530_21835630,nail
*FAN,nail,d,n,MOT,27133710_27135250,nail
*FAN,nails,d,n,MOT,2775280_2776530,nail
*FAN,nose,d,n,MOT,5245700_5247150,nose
*FAN,nose,d,n,MOT,5247950_5250070,nose
*FAN,nose,q,n,MOT,25806200_25806800,nose
*FAN,nose,q,y,MOT,36748310_36749650,nose
*FAN,octopus,d,y,MOT,25301970_25303470,octopus
*MAF,omelette,d,n,MOT,10900370_10901370,omelettes
*MAN,omelette,d,n,MOT,10909610_10910900,omelettes
*MAN,omelettes,q,n,FAT,10835010_10837060,omelettes
*FAN,omelettes,d,n,MOT,10843640_10846050,omelettes
*MAN,omelettes,d,n,FAT,10896560_10899370,omelettes
*FAN,onsie,d,n,MOT,12228540_12229950,onesie
*MAN,onsie,d,n,FAT,46093640_46094690,onesie
*FAN,onsie,q,y,MOT,46436090_46437330,onesie
*FAN,onsie,q,n,MOT,49929930_49932850,onesie
*FAN,onsie,d,n,MOT,49929930_49932850,onesie
*FAN,owl,q,n,MOT,13928990_13930930,owl
*FAN,owl,q,n,MOT,19023560_19024560,owl
*FAN,owl,d,n,MOT,47312620_47315690,owl
*OLN,owls,d,n,MOT,46777160_46778460,owl
*FAN,pan,q,n,MOT,17115450_17117800,pan
*FAN,Panda,r,y,MOT,25212320_25215460,Panda
*FAN,panda+bear,d,y,MOT,25205860_25207930,panda
*CXN,panda+bear,d,n,MOT,25209620_25210420,panda
*CXN,pants,q,n,MOT,11979560_11980360,pants
*OLN,penguin,d,y,MOT,547280_549050,penguin
*FAN,penguin,d,y,MOT,26000650_26002220,penguin
*CXN,pepper,s,n,MOT,10706490_10707290,pepper
*FAN,pepper,d,n,MOT,25288840_25291560,pepper
*FAN,phone,d,n,MOT,12988060_12990040,phone
*FAN,phone,n,y,MOT,12994420_12997340,phone
*FAN,phone,q,y,MOT,13017390_13018500,phone
*FAN,phone,q,y,MOT,24580960_24582030,phone
*FAN,phone,d,n,MOT,46287740_46289640,phone
*OLN,pickle,d,n,FAT,21341570_21344520,pickle
*MAN,pickle,d,n,FAT,21344520_21345560,pickle
*MAN,pickle,d,y,FAT,21362430_21363430,pickle
*FAN,pickle,n,y,MOT,21364260_21365260,pickle
*OLF,pickle,q,n,MOT,21473760_21477490,pickle
*FAN,pickles,d,n,MOT,21491200_21492480,pickle
*FAN,pickles,d,n,MOT,21493850_21494930,pickle
*FAN,pictures,q,y,MOT,25114560_25116330,NA
*FAN,pictures,d,n,MOT,25118670_25120830,NA
*CHN,pictures,q,y,MOT,25944540_25945660,NA
*NOF,pictures,d,y,MOT,26044240_26045150,NA
*OLF,pictures,d,y,MOT,26047910_26050880,NA
*OLN,pie,d,n,MOT,41068010_41069700,pie
*FAN,pie+crust,d,n,MOT,40167690_40170070,crust
*OLN,pies,q,n,MOT,41074890_41076000,pie
*FAN,piggy,n,n,MOT,39169930_39171500,piggy
*OLN,pillow,q,n,MOT,4996280_4997890,pillow
*CHN,pillow,d,n,MOT,4997890_4998960,pillow
*OLN,pillow,d,y,MOT,25406480_25407280,pillow
*FAN,pillow,d,y,MOT,38127340_38129560,pillow
*FAN,pillow,d,y,MOT,40138450_40139770,pillow
*FAN,pillows,d,y,MOT,26307240_26309470,pillow
*OLN,plane,n,y,FAT,18651640_18682210,plane
*OLN,planes,d,y,MOT,18651640_18682210,plane
*FAN,plant,d,n,MOT,14752480_14753180,plant
*CXN,plants,d,y,MOT,13891690_13892730,plant
*CHN,poopies,q,n,MOT,24325500_24326430,NA
*FAN,poopies,d,n,MOT,37412790_37415030,NA
*CXN,poopy,d,n,MOT,45665550_45666660,NA
*MAN,porch,q,n,FAT,16278610_16279630,porch
*FAN,porch,q,n,MOT,16886500_16887180,porch
*FAN,porch,q,n,MOT,16932450_16933910,porch
*MAF,porch,d,n,MOT,16938540_16939620,porch
*OLN,porch,d,n,MOT,16949030_16951810,porch
*FAN,porch,d,n,FAT,16967090_16969350,porch
*FAN,porch,d,n,MOT,19375250_19377070,porch
*MAN,post,q,y,MOT,36674870_36675870,post
*FAN,potty,n,n,MOT,45486040_45487040,potty
*FAN,potty,d,n,MOT,45487880_45489110,potty
*MAN,raisins,d,n,MOT,36140790_36141990,raisins
*FAN,raspberries,d,n,MOT,39156800_39158630,raspberries
*FAN,ratatouille,d,n,MOT,5364510_5367250,ratatouille
*FAN,ratatouille,q,n,MOT,5369040_5371610,ratatouille
*FAN,ratatouille,d,n,MOT,17553180_17554400,ratatouille
*FAN,ratatouille,q,n,MOT,35546640_35548050,ratatouille
*FAN,ratatouille,d,n,MOT,35556500_35557790,ratatouille
*FAN,ratatouille,q,n,MOT,35584610_35586390,ratatouille
*FAN,ratatouille,d,n,MOT,38623070_38626130,ratatouille
*OLN,rattle,d,n,MOT,2542840_2543710,rattle
*FAN,rattle,d,y,MOT,17483990_17486280,rattle
*FAN,rattle,d,y,MOT,17487110_17488860,rattle
*FAN,rattle,d,y,MOT,36530120_36531120,rattle
*FAN,rhinoceros,d,y,MOT,25304090_25305780,rhinoceros
*FAN,ring,n,y,MOT,5274730_5275940,ring
*FAN,ring,n,y,MOT,5294860_5295890,ring
*FAN,ring,n,y,MOT,5315090_5316830,ring
*MAN,ring,q,y,FAT,5460420_5461420,ring
*FAN,ring,d,y,MOT,36293440_36296060,ring
*FAN,ring,d,y,MOT,36602970_36604410,ring
*FAN,ring,q,y,MOT,36726340_36727340,ring
*FAN,ring,q,y,MOT,37024250_37025540,ring
*FAN,ring,d,y,MOT,37043810_37045500,ring
*OLN,ring,d,y,MOT,39431360_39435290,ring
*FAN,rings,n,y,MOT,5189950_5190990,ring
*FAN,rings,q,n,MOT,35366150_35367810,ring
*FAN,rings,n,y,MOT,36604410_36605890,ring
*FAN,rings,d,y,MOT,36607340_36609320,ring
*FAN,rings,q,y,MOT,36673530_36674870,ring
*CHN,road,d,n,MOT,5153200_5154400,road
*FAN,rocks,q,n,MOT,16419360_16420360,rock
*FAN,rocks,d,n,MOT,16427050_16428310,rock
*FAN,rocks,d,n,MOT,16427050_16428310,rock
*FAN,roof,d,n,MOT,17078970_17081050,roof
*FAN,roof,d,n,MOT,17082690_17085190,roof
*MAN,rose+bush,d,n,MOT,13191040_13192520,bush
*FAN,rose+bush,d,n,MOT,14737080_14738080,bush
*CXN,rose+bush,d,n,MOT,16293420_16294320,bush
*MAN,rose+bush,d,n,FAT,16324370_16327030,bush
*FAN,rose+bush,d,n,MOT,16383820_16384990,bush
*FAN,rose+bush,d,n,MOT,45179840_45180860,bush
*FAN,Runaway+Bunny,r,n,MOT,24902930_24906550,Runaway+Bunny
*FAN,sail+boat,d,y,MOT,25979820_25981450,boat
*MAN,salsa,d,n,FAT,21349010_21351100,salsa
*FAN,salsa,d,n,MOT,21778390_21779520,salsa
*FAN,salsa,q,n,MOT,21780320_21781330,salsa
*FAN,salsa,d,y,MOT,22335640_22337960,salsa
*CXN,salt,s,n,MOT,10709020_10710430,salt
*FAN,scarf,q,n,MOT,26704460_26707250,scarf
*MAN,scarf,q,y,FAT,26853810_26854810,scarf
*MAN,scarf,q,y,FAT,26855610_26856940,scarf
*FAN,screen,d,n,MOT,24335040_24335700,screen
*OLN,seat,d,n,MOT,40506720_40508290,seat
*NOF,shades,q,n,MOT,18618710_18619550,shades
*CHN,sheep,q,n,MOT,5080330_5081760,sheep
*FAN,sheep,q,n,MOT,11052130_11054260,sheep
*FAN,sheep,s,n,MOT,11054260_11055060,sheep
*FAN,shirt,d,n,MOT,12736430_12738310,shirt
*FAN,shirt,d,n,MOT,26975770_26976800,shirt
*FAN,shirt,q,y,MOT,40055110_40056340,shirt
*FAN,shoes,d,n,MOT,13127090_13128630,shoe
*FAN,shoes,d,y,MOT,17262670_17263670,shoe
*FAN,showers,d,n,MOT,47065610_47067100,shower
*OLF,sippy+cup,q,n,FAT,17807770_17808870,sippy+cup
*FAN,sippy+cup,d,n,MOT,17809680_17811220,sippy+cup
*FAN,sippy+cup,q,n,MOT,17813630_17815090,sippy+cup
*FAN,slippers,d,n,MOT,2621850_2625660,slipper
*FAN,slippers,q,n,MOT,2621850_2625660,slipper
*CHN,snap,d,n,MOT,25065450_25065900,snap
*FAN,soccer+ball,d,n,MOT,41671040_41672060,ball
*FAN,sock,d,y,MOT,26489870_26490870,sock
*FAN,sock,d,y,MOT,26491670_26493890,sock
*FAN,socks,d,y,MOT,26491670_26493890,sock
*OLN,socks,d,n,MOT,46254340_46256500,sock
*OLN,socks,n,n,MOT,46257310_46259500,sock
*OLN,socks,d,n,MOT,46257310_46259500,sock
*OLN,socks,d,n,MOT,46261100_46262210,sock
*OLN,socks,d,n,MOT,46268260_46272290,sock
*FAN,socks,d,n,MOT,46273750_46276460,sock
*FAN,socks,d,n,MOT,46277620_46279610,sock
*FAN,spatula,d,n,MOT,10851520_10854680,spatula
*OLN,spoon,d,y,MOT,422400_424650,spoon
*FAN,spoon,q,y,MOT,442760_444140,spoon
*FAN,spoon,q,n,MOT,448320_449470,spoon
*FAN,spoon,q,n,MOT,450120_451120,spoon
*CXN,spoon,q,n,MOT,41087300_41088460,spoon
*OLN,spoon,q,y,FAT,41142320_41143810,spoon
*MAF,spoon,q,n,FAT,41291270_41292090,spoon
*FAN,spring,d,n,MOT,4870490_4871870,spring
*FAN,squirrel,d,n,MOT,45325950_45326660,squirrel
*FAN,squirrel,d,n,MOT,47312620_47315690,squirrel
*CHN,star,n,y,MOT,38896150_38897610,star
*FAN,stars,d,n,MOT,2807830_2810730,star
*CHN,stars,q,n,MOT,2822160_2823120,star
*OLF,sticker,q,n,MOT,45995520_45996960,sticker
*MAF,sticker,q,n,FAT,45998910_46000150,sticker
*NOF,sticker,d,n,MOT,46000150_46001600,sticker
*FAN,story,q,n,MOT,24899320_24901440,story
*OLN,story,q,n,MOT,25160770_25161770,story
*FAN,strap,q,y,MOT,239380_240450,strap
*NOF,straps,q,n,MOT,245780_246920,strap
*FAN,straps,d,n,MOT,250730_253100,strap
*FAN,straps,d,n,MOT,4844320_4845430,strap
*OLN,street,d,n,MOT,37219670_37222300,street
*FAN,stroller,d,n,MOT,10447660_10448890,stroller
*CHN,stroller,q,n,MOT,12746260_12746920,stroller
*OLN,stroller,n,n,MOT,17963170_17965220,stroller
*CHN,stroller,q,y,MOT,18101010_18101610,stroller
*CXN,stroller,d,n,MOT,18466460_18468260,stroller
*OLN,stroller,d,n,MOT,40506720_40508290,stroller
*FAN,stroller,q,y,MOT,41432050_41433290,stroller
*FAN,stroller,q,y,MOT,42817260_42818490,stroller
*FAN,sucker,q,n,MOT,7587590_7589910,sucker
*FAN,sun+block,d,n,MOT,12191840_12192840,sunblock
*FAN,sun+block,d,n,MOT,12193450_12194520,sunblock
*FAN,sun+block,q,n,MOT,12248750_12250260,sunblock
*FAN,sun+block,d,n,MOT,12259520_12260540,sunblock
*CXN,sun+block,d,n,MOT,12302460_12303840,sunblock
*FAN,sun+block,d,n,MOT,12471670_12473340,sunblock
*FAN,sun+block,d,n,MOT,12659250_12661680,sunblock
*FAN,sun+block,d,y,MOT,12909680_12911950,sunblock
*FAN,sun+block,d,n,MOT,24490910_24492080,sunblock
*FAN,sunglasses,d,n,MOT,13138460_13139810,sunglasses
*FAN,sunglasses,q,n,MOT,13154770_13156050,sunglasses
*CHN,sunglasses,q,y,MOT,18849540_18850730,sunglasses
*CHN,swing,q,n,MOT,5076290_5077420,swing
*CHN,swing,q,n,MOT,5080330_5081760,swing
*CHN,swing,d,n,MOT,5082910_5084920,swing
*FAN,table,d,n,MOT,2194390_2196770,table
*FAN,tags,d,n,MOT,807590_809720,tag
*FAN,tags,i,y,MOT,2400540_2401770,tag
*FAN,tags,d,y,MOT,2404540_2405940,tag
*FAN,tags,d,y,MOT,2574220_2574910,tag
*FAN,tags,d,y,MOT,2574910_2578370,tag
*FAN,tags,d,y,MOT,2574910_2578370,tag
*FAN,tags,d,y,MOT,2574910_2578370,tag
*FAN,tank,i,n,MOT,12043000_12044840,tank
*FAN,target,n,y,MOT,25136080_25137170,target
*FAN,target,d,y,MOT,25138530_25141490,target
*FAN,teefies,d,n,MOT,2680860_2685790,teefy
*FAN,teeth,q,n,MOT,36269550_36270550,tooth
*FAN,teethie,d,n,MOT,38712640_38714520,teethy
*FAN,teethies,q,n,MOT,24833750_24836510,teethy
*FAN,teethies,q,n,MOT,38550830_38555680,teethy
*CXN,tent,d,y,MOT,25366320_25368150,tent
*FAN,tiger,q,y,MOT,17157370_17159430,tiger
*FAN,tiger,d,y,MOT,17491750_17493310,tiger
*FAN,tiger,q,y,MOT,46757230_46758770,tiger
*FAN,tiger,n,y,MOT,46764880_46767210,tiger
*FAN,tiger,n,y,MOT,46788090_46789100,tiger
*FAN,tiger,q,n,MOT,46804040_46805060,tiger
*FAN,tiger,i,y,MOT,46807520_46810670,tiger
*CXN,tiger,i,y,MOT,46829570_46830570,tiger
*FAN,tiger,q,y,MOT,46951360_46953140,tiger
*FAN,Tinkle+Bunny,d,y,MOT,562790_565460,Tinkle+Bunny
*FAN,Tinkle+Bunny,d,y,MOT,568860_570250,Tinkle+Bunny
*FAN,Tinkle+Bunny,q,y,MOT,1107730_1110070,Tinkle+Bunny
*CXF,Tinkle+Bunny,q,n,MOT,2896110_2896930,Tinkle+Bunny
*FAN,Tinkle+Bunny,d,y,MOT,2902340_2903340,Tinkle+Bunny
*MAF,tires,n,y,FAT,5447000_5448000,tire
*FAN,tissue,d,n,MOT,17884720_17887040,tissue
*FAN,toast,q,n,MOT,22147360_22150350,toast
*MAN,toenail,d,n,FAT,27148210_27150010,nail
*MAN,toes,q,y,FAT,9892980_9894000,toe
*FAN,toes,i,n,MOT,10423260_10425380,toe
*FAN,toes,d,n,MOT,10423260_10425380,toe
*CHN,toes,d,n,MOT,10428970_10429570,toe
*OLN,toes,i,n,FAT,45588280_45589130,toe
*OLN,toes,i,n,MOT,46250010_46253340,toe
*FAN,toes,d,n,MOT,47424630_47425240,toe
*FAN,toes,d,y,MOT,47430880_47432870,toe
*FAN,toes,d,y,MOT,47432870_47433480,toe
*OLN,toes,d,y,MOT,47435180_47435980,toe
*MAN,tongue,q,n,FAT,17829040_17830440,tongue
*FAN,tooth,q,n,MOT,797230_799490,tooth
*FAN,tooth,q,n,MOT,45918050_45919400,tooth
*FAN,toy,d,y,MOT,5186370_5188900,NA
*OLF,toy,d,y,FAT,7493020_7494500,NA
*MAN,toy,d,y,MOT,35884830_35886310,NA
*FAN,toy,q,n,MOT,38537730_38538780,NA
*FAN,toy,d,n,MOT,44868440_44869440,NA
*FAN,toys,d,n,MOT,523270_524930,NA
*FAN,toys,d,n,MOT,526470_528370,NA
*FAN,toys,d,n,MOT,2636480_2637950,NA
*FAN,toys,q,n,MOT,4896030_4897080,NA
*FAN,toys,q,n,MOT,5180710_5181710,NA
*FAN,toys,d,n,MOT,5237400_5239040,NA
*FAN,toys,q,n,MOT,13241730_13242730,NA
*FAN,toys,d,y,MOT,13364530_13366120,NA
*FAN,toys,d,n,MOT,35670350_35672040,NA
*FAN,toys,d,n,MOT,35672910_35676960,NA
*MAN,toys,d,n,MOT,35981490_35983060,NA
*FAN,toys,q,n,MOT,36210530_36212410,NA
*FAN,toys,d,y,MOT,36651240_36652450,NA
*FAN,toys,d,y,MOT,36929030_36929840,NA
*FAN,toys,q,y,MOT,38909260_38910260,NA
*FAN,toys,q,n,MOT,44683500_44684840,NA
*SIL,train,d,n,FAT,5415200_5416270,train
*FAN,train,d,y,MOT,25368150_25370880,train
*FAN,train,d,n,MOT,39810000_39812950,train
*CHN,train,d,n,MOT,39825960_39826970,train
*FAN,train,q,y,MOT,40232820_40235390,train
*FAN,train,d,y,MOT,40239310_40241330,train
*FAN,train,q,n,MOT,40242330_40244350,train
*CHN,train,q,n,MOT,40247600_40248630,train
*CHN,train,d,y,MOT,40253440_40254040,train
*FAN,train,d,y,MOT,40259130_40260260,train
*FAN,train,q,y,MOT,40276250_40277830,train
*FAN,tree,d,n,MOT,13771180_13773510,tree
*FAN,tree,d,n,MOT,14449230_14450290,tree
*MAN,tree,d,n,FAT,21520060_21522290,tree
*FAN,trees,d,n,MOT,13481980_13483600,tree
*MAN,trees,d,n,MOT,46346170_46347630,tree
*FAN,trellis,q,n,MOT,16370720_16372160,trellis
*FAN,trellis,q,n,MOT,16379150_16380430,trellis
*FAN,triangle,d,n,MOT,38086750_38087960,triangle
*FAN,truck,d,y,MOT,45159220_45160340,truck
*FAN,trucks,d,n,MOT,45253230_45255640,truck
*FAN,tub,q,n,MOT,17025110_17027530,tub
*OLN,tub,s,y,MOT,46240860_46245540,tub
*FAN,tub,d,y,MOT,46452920_46454240,tub
*FAN,tub,n,y,MOT,46467250_46469110,tub
*FAN,tub,d,y,MOT,46795620_46796940,tub
*FAN,tub,i,y,MOT,46798000_46800760,tub
*OLN,tub,i,y,MOT,46800760_46802410,tub
*OLN,tub,i,y,MOT,46806070_46807520,tub
*FAN,tub,d,y,MOT,46807520_46810670,tub
*FAN,tub,d,y,MOT,46894880_46897360,tub
*FAN,TV,d,n,MOT,42939150_42940300,TV
*FAN,vest,d,n,MOT,12228540_12229950,vest
*FAN,vest,d,y,MOT,37785680_37786710,vest
*MAN,walrus,q,n,MOT,2259650_2260650,walrus
*FAN,walrus,d,n,MOT,2341630_2344270,walrus
*FAN,washer,n,n,MOT,12446890_12448210,washer
*FAN,water,d,n,MOT,16991660_16993370,water
*FAN,water,d,n,MOT,17002780_17003820,water
*FAN,water,d,y,MOT,17747320_17748320,water
*FAN,water,q,n,MOT,17753050_17754050,water
*FAN,water,q,n,MOT,17802540_17803580,water
*FAN,water,q,n,MOT,17834400_17835690,water
*FAN,water,d,y,MOT,39152780_39155120,water
*FAN,water,d,y,MOT,46637450_46641020,water
*FAN,water,d,y,MOT,46872850_46873850,water
*FAN,water,d,y,MOT,46969630_46971710,water
*FAN,water,d,n,MOT,47002270_47004040,water
*OLN,water+bottle,d,n,MOT,16847930_16849700,water+bottle
*FAN,water+bottle,d,y,MOT,16861610_16862610,water+bottle
*FAN,water+bottle,d,y,MOT,39152780_39155120,water+bottle
*FAN,watermelon,s,n,MTV,46482910_46486260,watermelons
*FAN,watermelons,s,n,MTV,46387990_46394050,watermelons
*FAN,watermelons,s,n,MTV,46426660_46430610,watermelons
*FAN,watermelons,s,n,MTV,46444430_46449530,watermelons
*OLF,weed,d,n,MOT,14753980_14754780,weed
*FAN,weeds,d,n,MOT,10455760_10457000,weed
*FAN,weeds,d,n,MOT,13890590_13891690,weed
*FAN,weeds,d,n,MOT,14756440_14758090,weed
*OLN,whale,q,y,MOT,46636600_46637450,whale
*MAN,wheels,q,n,FAT,6009580_6010580,wheel
*FAN,wheels,q,n,MOT,14377040_14378220,wheel
*CHN,whiskey,d,n,MOT,21795080_21795200,whiskey
*FAN,window,d,n,MOT,4890070_4891750,window
*CXN,window,d,y,MOT,25373230_25374150,window
*FAN,window,d,n,MOT,45219750_45222980,window
*NOF,wipes,d,n,MOT,229110_231580,wipe
*OLN,wipes+box,n,y,MOT,12102640_12103590,wipe
*FAN,wipes+box,n,y,MOT,12105050_12106050,wipe
*FAN,World,s,n,MOT,18633000_18635410,NA
*FAN,Wrinkle+Elephant,d,y,MOT,587220_587820,Wrinkle+Elephant
*FAN,wrist,d,y,MOT,13320890_13322870,wrist
*MAN,wrist,d,n,FAT,21580170_21581980,wrist
*FAN,wrist,q,n,MOT,36679970_36683310,wrist
*FAN,wrists,d,n,MOT,36679970_36683310,wrist
*FAN,yard,d,n,MOT,45172920_45175790,yard
*MAN,yards,d,n,FAT,16458730_16460590,yard
